#Locus	Allele	Ethnicity	Frequency	Count
HLA-A	A*01	AfAm	0.04696	37
HLA-A	A*02	AfAm	0.217	171
HLA-A	A*03	AfAm	0.08122	64
HLA-A	A*11	AfAm	0.0165	13
HLA-A	A*23	AfAm	0.0736	58
HLA-A	A*24	AfAm	0.03046	24
HLA-A	A*25	AfAm	0.00381	3
HLA-A	A*26	AfAm	0.00761	6
HLA-A	A*29	AfAm	0.02919	23
HLA-A	A*30	AfAm	0.14722	116
HLA-A	A*31	AfAm	0.00888	7
HLA-A	A*32	AfAm	0.02157	17
HLA-A	A*33	AfAm	0.06853	54
HLA-A	A*34	AfAm	0.02284	18
HLA-A	A*36	AfAm	0.03553	28
HLA-A	A*66	AfAm	0.01904	15
HLA-A	A*68	AfAm	0.11549	91
HLA-A	A*69	AfAm	0.00127	1
HLA-A	A*74	AfAm	0.05076	40
HLA-A	A*80	AfAm	0.00254	2
HLA-A	A*01	API	0.05814	5
HLA-A	A*02	API	0.25582	22
HLA-A	A*03	API	0.04651	4
HLA-A	A*11	API	0.17442	15
HLA-A	A*23	API	0.01163	1
HLA-A	A*24	API	0.25581	22
HLA-A	A*25	API	0	0
HLA-A	A*26	API	0.01163	1
HLA-A	A*29	API	0	0
HLA-A	A*30	API	0.01163	1
HLA-A	A*31	API	0.01163	1
HLA-A	A*32	API	0	0
HLA-A	A*33	API	0.05814	5
HLA-A	A*34	API	0.09302	8
HLA-A	A*36	API	0	0
HLA-A	A*66	API	0	0
HLA-A	A*68	API	0.01163	1
HLA-A	A*69	API	0	0
HLA-A	A*74	API	0	0
HLA-A	A*80	API	0	0
HLA-A	A*01	Arab	0.07692	8
HLA-A	A*02	Arab	0.25	26
HLA-A	A*03	Arab	0.09616	10
HLA-A	A*11	Arab	0.0577	6
HLA-A	A*23	Arab	0.01923	2
HLA-A	A*24	Arab	0.06732	7
HLA-A	A*25	Arab	0	0
HLA-A	A*26	Arab	0.01923	2
HLA-A	A*29	Arab	0.01924	2
HLA-A	A*30	Arab	0.04809	5
HLA-A	A*31	Arab	0.02885	3
HLA-A	A*32	Arab	0.09615	10
HLA-A	A*33	Arab	0.0577	6
HLA-A	A*34	Arab	0.00962	1
HLA-A	A*36	Arab	0	0
HLA-A	A*66	Arab	0.00962	1
HLA-A	A*68	Arab	0.10578	11
HLA-A	A*69	Arab	0	0
HLA-A	A*74	Arab	0.03846	4
HLA-A	A*80	Arab	0	0
HLA-A	A*01	EuAm	0.16118	803
HLA-A	A*02	EuAm	0.27718	1381
HLA-A	A*03	EuAm	0.14211	708
HLA-A	A*11	EuAm	0.06664	332
HLA-A	A*23	EuAm	0.02047	102
HLA-A	A*24	EuAm	0.08991	448
HLA-A	A*25	EuAm	0.02067	103
HLA-A	A*26	EuAm	0.03894	194
HLA-A	A*29	EuAm	0.04195	209
HLA-A	A*30	EuAm	0.02368	118
HLA-A	A*31	EuAm	0.02489	124
HLA-A	A*32	EuAm	0.03794	189
HLA-A	A*33	EuAm	0.01405	70
HLA-A	A*34	EuAm	0.0014	7
HLA-A	A*36	EuAm	0	0
HLA-A	A*66	EuAm	0.00442	22
HLA-A	A*68	EuAm	0.03212	160
HLA-A	A*69	EuAm	0.00221	11
HLA-A	A*74	EuAm	2e-04	1
HLA-A	A*80	EuAm	0	0
HLA-A	A*01	European	0.17925	76
HLA-A	A*02	European	0.34435	146
HLA-A	A*03	European	0.1368	58
HLA-A	A*11	European	0.04481	19
HLA-A	A*23	European	0.0283	12
HLA-A	A*24	European	0.04481	19
HLA-A	A*25	European	0.01651	7
HLA-A	A*26	European	0.03538	15
HLA-A	A*29	European	0.03538	15
HLA-A	A*30	European	0.0283	12
HLA-A	A*31	European	0.02123	9
HLA-A	A*32	European	0.03066	13
HLA-A	A*33	European	0.01179	5
HLA-A	A*34	European	0	0
HLA-A	A*36	European	0	0
HLA-A	A*66	European	0.00236	1
HLA-A	A*68	European	0.0401	17
HLA-A	A*69	European	0	0
HLA-A	A*74	European	0	0
HLA-A	A*80	European	0	0
HLA-A	A*01	Global	0.13701	1184
HLA-A	A*02	Global	0.27007	2334
HLA-A	A*03	Global	0.12068	1043
HLA-A	A*11	Global	0.06665	576
HLA-A	A*23	Global	0.02591	224
HLA-A	A*24	Global	0.09395	812
HLA-A	A*25	Global	0.0162	140
HLA-A	A*26	Global	0.03402	294
HLA-A	A*29	Global	0.04039	349
HLA-A	A*30	Global	0.03922	339
HLA-A	A*31	Global	0.02511	217
HLA-A	A*32	Global	0.03714	321
HLA-A	A*33	Global	0.02499	216
HLA-A	A*34	Global	0.00417	36
HLA-A	A*36	Global	0.00335	29
HLA-A	A*66	Global	0.00567	49
HLA-A	A*68	Global	0.04732	409
HLA-A	A*69	Global	0.00266	23
HLA-A	A*74	Global	0.00521	45
HLA-A	A*80	Global	0.00046	4
HLA-A	A*01	Greek	0.11	44
HLA-A	A*02	Greek	0.3025	121
HLA-A	A*03	Greek	0.0825	33
HLA-A	A*11	Greek	0.0675	27
HLA-A	A*23	Greek	0.0225	9
HLA-A	A*24	Greek	0.1525	61
HLA-A	A*25	Greek	0.0075	3
HLA-A	A*26	Greek	0.0325	13
HLA-A	A*29	Greek	0.025	10
HLA-A	A*30	Greek	0.0325	13
HLA-A	A*31	Greek	0.0175	7
HLA-A	A*32	Greek	0.07	28
HLA-A	A*33	Greek	0.025	10
HLA-A	A*34	Greek	0	0
HLA-A	A*36	Greek	0	0
HLA-A	A*66	Greek	0.0025	1
HLA-A	A*68	Greek	0.04	16
HLA-A	A*69	Greek	0.01	4
HLA-A	A*74	Greek	0	0
HLA-A	A*80	Greek	0	0
HLA-A	A*01	India	0.18324	59
HLA-A	A*02	India	0.16772	54
HLA-A	A*03	India	0.08075	26
HLA-A	A*11	India	0.14286	46
HLA-A	A*23	India	0.00311	1
HLA-A	A*24	India	0.1553	50
HLA-A	A*25	India	0	0
HLA-A	A*26	India	0.03727	12
HLA-A	A*29	India	0	0
HLA-A	A*30	India	0.02795	9
HLA-A	A*31	India	0.04969	16
HLA-A	A*32	India	0.01553	5
HLA-A	A*33	India	0.06832	22
HLA-A	A*34	India	0	0
HLA-A	A*36	India	0	0
HLA-A	A*66	India	0	0
HLA-A	A*68	India	0.06833	22
HLA-A	A*69	India	0	0
HLA-A	A*74	India	0	0
HLA-A	A*80	India	0	0
HLA-A	A*01	Italian	0.13356	78
HLA-A	A*02	Italian	0.24828	145
HLA-A	A*03	Italian	0.11301	66
HLA-A	A*11	Italian	0.05822	34
HLA-A	A*23	Italian	0.0274	16
HLA-A	A*24	Italian	0.11471	67
HLA-A	A*25	Italian	0.01712	10
HLA-A	A*26	Italian	0.0565	33
HLA-A	A*29	Italian	0.04623	27
HLA-A	A*30	Italian	0.03596	21
HLA-A	A*31	Italian	0.03596	21
HLA-A	A*32	Italian	0.04623	27
HLA-A	A*33	Italian	0.02226	13
HLA-A	A*34	Italian	0	0
HLA-A	A*36	Italian	0	0
HLA-A	A*66	Italian	0.00514	3
HLA-A	A*68	Italian	0.03253	19
HLA-A	A*69	Italian	0.00514	3
HLA-A	A*74	Italian	0	0
HLA-A	A*80	Italian	0.00171	1
HLA-A	A*01	Mexican	0.05288	11
HLA-A	A*02	Mexican	0.39424	82
HLA-A	A*03	Mexican	0.01923	4
HLA-A	A*11	Mexican	0.02885	6
HLA-A	A*23	Mexican	0.01442	3
HLA-A	A*24	Mexican	0.17308	36
HLA-A	A*25	Mexican	0.00481	1
HLA-A	A*26	Mexican	0	0
HLA-A	A*29	Mexican	0.01923	4
HLA-A	A*30	Mexican	0.03366	7
HLA-A	A*31	Mexican	0.05288	11
HLA-A	A*32	Mexican	0.02885	6
HLA-A	A*33	Mexican	0.01443	3
HLA-A	A*34	Mexican	0	0
HLA-A	A*36	Mexican	0.00481	1
HLA-A	A*66	Mexican	0	0
HLA-A	A*68	Mexican	0.15385	32
HLA-A	A*69	Mexican	0.00481	1
HLA-A	A*74	Mexican	0	0
HLA-A	A*80	Mexican	0	0
HLA-A	A*01	Spanish	0.09782	54
HLA-A	A*02	Spanish	0.25181	139
HLA-A	A*03	Spanish	0.1087	60
HLA-A	A*11	Spanish	0.08514	47
HLA-A	A*23	Spanish	0.0308	17
HLA-A	A*24	Spanish	0.08333	46
HLA-A	A*25	Spanish	0.02174	12
HLA-A	A*26	Spanish	0.02355	13
HLA-A	A*29	Spanish	0.09239	51
HLA-A	A*30	Spanish	0.05796	32
HLA-A	A*31	Spanish	0.01993	11
HLA-A	A*32	Spanish	0.04167	23
HLA-A	A*33	Spanish	0.02536	14
HLA-A	A*34	Spanish	0.00181	1
HLA-A	A*36	Spanish	0	0
HLA-A	A*66	Spanish	0.00725	4
HLA-A	A*68	Spanish	0.04528	25
HLA-A	A*69	Spanish	0.00543	3
HLA-A	A*74	Spanish	0	0
HLA-A	A*80	Spanish	0	0
HLA-A	A*01	Thai	0.0119	1
HLA-A	A*02	Thai	0.26188	22
HLA-A	A*03	Thai	0	0
HLA-A	A*11	Thai	0.33332	28
HLA-A	A*23	Thai	0	0
HLA-A	A*24	Thai	0.20238	17
HLA-A	A*25	Thai	0	0
HLA-A	A*26	Thai	0	0
HLA-A	A*29	Thai	0	0
HLA-A	A*30	Thai	0.0119	1
HLA-A	A*31	Thai	0.0119	1
HLA-A	A*32	Thai	0.0119	1
HLA-A	A*33	Thai	0.15476	13
HLA-A	A*34	Thai	0	0
HLA-A	A*36	Thai	0	0
HLA-A	A*66	Thai	0	0
HLA-A	A*68	Thai	0	0
HLA-A	A*69	Thai	0	0
HLA-A	A*74	Thai	0	0
HLA-A	A*80	Thai	0	0
HLA-A	A*01	USA_Hispanic	0.07273	8
HLA-A	A*02	USA_Hispanic	0.22727	25
HLA-A	A*03	USA_Hispanic	0.09091	10
HLA-A	A*11	USA_Hispanic	0.02727	3
HLA-A	A*23	USA_Hispanic	0.02727	3
HLA-A	A*24	USA_Hispanic	0.13636	15
HLA-A	A*25	USA_Hispanic	0.00909	1
HLA-A	A*26	USA_Hispanic	0.04545	5
HLA-A	A*29	USA_Hispanic	0.07273	8
HLA-A	A*30	USA_Hispanic	0.03636	4
HLA-A	A*31	USA_Hispanic	0.05455	6
HLA-A	A*32	USA_Hispanic	0.01818	2
HLA-A	A*33	USA_Hispanic	0.00909	1
HLA-A	A*34	USA_Hispanic	0.00909	1
HLA-A	A*36	USA_Hispanic	0	0
HLA-A	A*66	USA_Hispanic	0.01818	2
HLA-A	A*68	USA_Hispanic	0.13636	15
HLA-A	A*69	USA_Hispanic	0	0
HLA-A	A*74	USA_Hispanic	0	0
HLA-A	A*80	USA_Hispanic	0.00909	1
HLA-B	B*07	AfAm	0.07869	62
HLA-B	B*08	AfAm	0.0368	29
HLA-B	B*13	AfAm	0.00761	6
HLA-B	B*14	AfAm	0.03935	31
HLA-B	B*15	AfAm	0.11421	90
HLA-B	B*18	AfAm	0.04188	33
HLA-B	B*27	AfAm	0.0165	13
HLA-B	B*35	AfAm	0.11295	89
HLA-B	B*37	AfAm	0.00381	3
HLA-B	B*38	AfAm	0.00127	1
HLA-B	B*39	AfAm	0.01016	8
HLA-B	B*40	AfAm	0.02665	21
HLA-B	B*41	AfAm	0.00762	6
HLA-B	B*42	AfAm	0.06472	51
HLA-B	B*44	AfAm	0.07488	59
HLA-B	B*45	AfAm	0.03426	27
HLA-B	B*46	AfAm	0	0
HLA-B	B*47	AfAm	0.00254	2
HLA-B	B*48	AfAm	0	0
HLA-B	B*49	AfAm	0.03173	25
HLA-B	B*50	AfAm	0.00761	6
HLA-B	B*51	AfAm	0.02157	17
HLA-B	B*52	AfAm	0.01015	8
HLA-B	B*53	AfAm	0.11548	91
HLA-B	B*54	AfAm	0	0
HLA-B	B*55	AfAm	0.00381	3
HLA-B	B*56	AfAm	0	0
HLA-B	B*57	AfAm	0.03047	24
HLA-B	B*58	AfAm	0.07995	63
HLA-B	B*67	AfAm	0	0
HLA-B	B*73	AfAm	0.00127	1
HLA-B	B*78	AfAm	0.00381	3
HLA-B	B*81	AfAm	0.01904	15
HLA-B	B*82	AfAm	0.00127	1
HLA-B	B*07	API	0.05814	5
HLA-B	B*08	API	0.02326	2
HLA-B	B*13	API	0.03489	3
HLA-B	B*14	API	0	0
HLA-B	B*15	API	0.27907	24
HLA-B	B*18	API	0	0
HLA-B	B*27	API	0.02326	2
HLA-B	B*35	API	0.04651	4
HLA-B	B*37	API	0	0
HLA-B	B*38	API	0.02326	2
HLA-B	B*39	API	0	0
HLA-B	B*40	API	0.18605	16
HLA-B	B*41	API	0	0
HLA-B	B*42	API	0	0
HLA-B	B*44	API	0.02326	2
HLA-B	B*45	API	0	0
HLA-B	B*46	API	0.06977	6
HLA-B	B*47	API	0	0
HLA-B	B*48	API	0	0
HLA-B	B*49	API	0	0
HLA-B	B*50	API	0	0
HLA-B	B*51	API	0.05814	5
HLA-B	B*52	API	0.06977	6
HLA-B	B*53	API	0	0
HLA-B	B*54	API	0.01163	1
HLA-B	B*55	API	0.01163	1
HLA-B	B*56	API	0.03489	3
HLA-B	B*57	API	0	0
HLA-B	B*58	API	0.03488	3
HLA-B	B*67	API	0.01163	1
HLA-B	B*73	API	0	0
HLA-B	B*78	API	0	0
HLA-B	B*81	API	0	0
HLA-B	B*82	API	0	0
HLA-B	B*07	Arab	0.00962	1
HLA-B	B*08	Arab	0.09615	10
HLA-B	B*13	Arab	0	0
HLA-B	B*14	Arab	0.02885	3
HLA-B	B*15	Arab	0.11541	12
HLA-B	B*18	Arab	0.00962	1
HLA-B	B*27	Arab	0.00962	1
HLA-B	B*35	Arab	0.10577	11
HLA-B	B*37	Arab	0	0
HLA-B	B*38	Arab	0.01923	2
HLA-B	B*39	Arab	0.01924	2
HLA-B	B*40	Arab	0.02885	3
HLA-B	B*41	Arab	0.00962	1
HLA-B	B*42	Arab	0.01923	2
HLA-B	B*44	Arab	0.06732	7
HLA-B	B*45	Arab	0	0
HLA-B	B*46	Arab	0	0
HLA-B	B*47	Arab	0	0
HLA-B	B*48	Arab	0	0
HLA-B	B*49	Arab	0.00962	1
HLA-B	B*50	Arab	0.14423	15
HLA-B	B*51	Arab	0.13462	14
HLA-B	B*52	Arab	0.05769	6
HLA-B	B*53	Arab	0.00962	1
HLA-B	B*54	Arab	0	0
HLA-B	B*55	Arab	0.00962	1
HLA-B	B*56	Arab	0	0
HLA-B	B*57	Arab	0.00962	1
HLA-B	B*58	Arab	0.07693	8
HLA-B	B*67	Arab	0	0
HLA-B	B*73	Arab	0	0
HLA-B	B*78	Arab	0	0
HLA-B	B*81	Arab	0.00962	1
HLA-B	B*82	Arab	0	0
HLA-B	B*07	EuAm	0.13103	652
HLA-B	B*08	EuAm	0.1057	526
HLA-B	B*13	EuAm	0.02211	110
HLA-B	B*14	EuAm	0.0426	212
HLA-B	B*15	EuAm	0.06992	348
HLA-B	B*18	EuAm	0.04622	230
HLA-B	B*27	EuAm	0.03838	191
HLA-B	B*35	EuAm	0.10148	505
HLA-B	B*37	EuAm	0.01266	63
HLA-B	B*38	EuAm	0.02633	131
HLA-B	B*39	EuAm	0.01507	75
HLA-B	B*40	EuAm	0.06431	320
HLA-B	B*41	EuAm	0.01045	52
HLA-B	B*42	EuAm	4e-04	2
HLA-B	B*44	EuAm	0.13806	687
HLA-B	B*45	EuAm	0.00523	26
HLA-B	B*46	EuAm	0	0
HLA-B	B*47	EuAm	0.00422	21
HLA-B	B*48	EuAm	0.00221	11
HLA-B	B*49	EuAm	0.01628	81
HLA-B	B*50	EuAm	0.00985	49
HLA-B	B*51	EuAm	0.05506	274
HLA-B	B*52	EuAm	0.01165	58
HLA-B	B*53	EuAm	0.00301	15
HLA-B	B*54	EuAm	4e-04	2
HLA-B	B*55	EuAm	0.01909	95
HLA-B	B*56	EuAm	0.00623	31
HLA-B	B*57	EuAm	0.03355	167
HLA-B	B*58	EuAm	0.00804	40
HLA-B	B*67	EuAm	0	0
HLA-B	B*73	EuAm	4e-04	2
HLA-B	B*78	EuAm	0	0
HLA-B	B*81	EuAm	0	0
HLA-B	B*82	EuAm	0	0
HLA-B	B*07	European	0.13444	57
HLA-B	B*08	European	0.11557	49
HLA-B	B*13	European	0.02594	11
HLA-B	B*14	European	0.05189	22
HLA-B	B*15	European	0.07076	30
HLA-B	B*18	European	0.04009	17
HLA-B	B*27	European	0.04953	21
HLA-B	B*35	European	0.05661	24
HLA-B	B*37	European	0.00708	3
HLA-B	B*38	European	0.0283	12
HLA-B	B*39	European	0.00944	4
HLA-B	B*40	European	0.08962	38
HLA-B	B*41	European	0.00236	1
HLA-B	B*42	European	0	0
HLA-B	B*44	European	0.14152	60
HLA-B	B*45	European	0.00943	4
HLA-B	B*46	European	0	0
HLA-B	B*47	European	0.00236	1
HLA-B	B*48	European	0	0
HLA-B	B*49	European	0.00943	4
HLA-B	B*50	European	0.02594	11
HLA-B	B*51	European	0.05896	25
HLA-B	B*52	European	0.00708	3
HLA-B	B*53	European	0	0
HLA-B	B*54	European	0	0
HLA-B	B*55	European	0.01179	5
HLA-B	B*56	European	0.00944	4
HLA-B	B*57	European	0.03302	14
HLA-B	B*58	European	0.00708	3
HLA-B	B*67	European	0	0
HLA-B	B*73	European	0	0
HLA-B	B*78	European	0	0
HLA-B	B*81	European	0	0
HLA-B	B*82	European	0.00236	1
HLA-B	B*07	Global	0.1091	939
HLA-B	B*08	Global	0.08412	724
HLA-B	B*13	Global	0.02139	184
HLA-B	B*14	Global	0.03926	338
HLA-B	B*15	Global	0.07322	630
HLA-B	B*18	Global	0.05159	444
HLA-B	B*27	Global	0.03207	276
HLA-B	B*35	Global	0.11355	977
HLA-B	B*37	Global	0.01313	113
HLA-B	B*38	Global	0.02394	206
HLA-B	B*39	Global	0.02231	192
HLA-B	B*40	Global	0.05995	516
HLA-B	B*41	Global	0.00918	79
HLA-B	B*42	Global	0.00651	56
HLA-B	B*44	Global	0.11908	1025
HLA-B	B*45	Global	0.00813	70
HLA-B	B*46	Global	0.00221	19
HLA-B	B*47	Global	0.00407	35
HLA-B	B*48	Global	0.00233	20
HLA-B	B*49	Global	0.02068	178
HLA-B	B*50	Global	0.01417	122
HLA-B	B*51	Global	0.06285	541
HLA-B	B*52	Global	0.01626	140
HLA-B	B*53	Global	0.01453	125
HLA-B	B*54	Global	0.00035	3
HLA-B	B*55	Global	0.01557	134
HLA-B	B*56	Global	0.00547	47
HLA-B	B*57	Global	0.03288	283
HLA-B	B*58	Global	0.01859	160
HLA-B	B*67	Global	0.00012	1
HLA-B	B*73	Global	0.00093	8
HLA-B	B*78	Global	0.00035	3
HLA-B	B*81	Global	0.00209	18
HLA-B	B*82	Global	0.00024	2
HLA-B	B*07	Greek	0.04371	16
HLA-B	B*08	Greek	0.04645	17
HLA-B	B*13	Greek	0.03552	13
HLA-B	B*14	Greek	0.01366	5
HLA-B	B*15	Greek	0.03551	13
HLA-B	B*18	Greek	0.12294	45
HLA-B	B*27	Greek	0.02459	9
HLA-B	B*35	Greek	0.17213	63
HLA-B	B*37	Greek	0.02186	8
HLA-B	B*38	Greek	0.02186	8
HLA-B	B*39	Greek	0.03551	13
HLA-B	B*40	Greek	0.03278	12
HLA-B	B*41	Greek	0.01093	4
HLA-B	B*42	Greek	0	0
HLA-B	B*44	Greek	0.09289	34
HLA-B	B*45	Greek	0	0
HLA-B	B*46	Greek	0	0
HLA-B	B*47	Greek	0.0082	3
HLA-B	B*48	Greek	0.00546	2
HLA-B	B*49	Greek	0.03825	14
HLA-B	B*50	Greek	0.00546	2
HLA-B	B*51	Greek	0.12294	45
HLA-B	B*52	Greek	0.03279	12
HLA-B	B*53	Greek	0.00819	3
HLA-B	B*54	Greek	0	0
HLA-B	B*55	Greek	0.01639	6
HLA-B	B*56	Greek	0.00273	1
HLA-B	B*57	Greek	0.01912	7
HLA-B	B*58	Greek	0.02185	8
HLA-B	B*67	Greek	0	0
HLA-B	B*73	Greek	0.0082	3
HLA-B	B*78	Greek	0	0
HLA-B	B*81	Greek	0	0
HLA-B	B*82	Greek	0	0
HLA-B	B*07	India	0.07407	24
HLA-B	B*08	India	0.02469	8
HLA-B	B*13	India	0.04013	13
HLA-B	B*14	India	0	0
HLA-B	B*15	India	0.04939	16
HLA-B	B*18	India	0.02778	9
HLA-B	B*27	India	0.00927	3
HLA-B	B*35	India	0.17286	56
HLA-B	B*37	India	0.05247	17
HLA-B	B*38	India	0.01235	4
HLA-B	B*39	India	0	0
HLA-B	B*40	India	0.12038	39
HLA-B	B*41	India	0.00309	1
HLA-B	B*42	India	0	0
HLA-B	B*44	India	0.06173	20
HLA-B	B*45	India	0	0
HLA-B	B*46	India	0	0
HLA-B	B*47	India	0	0
HLA-B	B*48	India	0.00618	2
HLA-B	B*49	India	0.01543	5
HLA-B	B*50	India	0.0216	7
HLA-B	B*51	India	0.10185	33
HLA-B	B*52	India	0.07098	23
HLA-B	B*53	India	0.00309	1
HLA-B	B*54	India	0	0
HLA-B	B*55	India	0.01852	6
HLA-B	B*56	India	0.00309	1
HLA-B	B*57	India	0.08951	29
HLA-B	B*58	India	0.0216	7
HLA-B	B*67	India	0	0
HLA-B	B*73	India	0	0
HLA-B	B*78	India	0	0
HLA-B	B*81	India	0	0
HLA-B	B*82	India	0	0
HLA-B	B*07	Italian	0.07706	45
HLA-B	B*08	Italian	0.05479	32
HLA-B	B*13	Italian	0.02055	12
HLA-B	B*14	Italian	0.04109	24
HLA-B	B*15	Italian	0.05478	32
HLA-B	B*18	Italian	0.10103	59
HLA-B	B*27	Italian	0.01198	7
HLA-B	B*35	Italian	0.15753	92
HLA-B	B*37	Italian	0.01199	7
HLA-B	B*38	Italian	0.02911	17
HLA-B	B*39	Italian	0.02568	15
HLA-B	B*40	Italian	0.03083	18
HLA-B	B*41	Italian	0.01027	6
HLA-B	B*42	Italian	0.00171	1
HLA-B	B*44	Italian	0.08733	51
HLA-B	B*45	Italian	0.00342	2
HLA-B	B*46	Italian	0	0
HLA-B	B*47	Italian	0.00685	4
HLA-B	B*48	Italian	0	0
HLA-B	B*49	Italian	0.03425	20
HLA-B	B*50	Italian	0.02226	13
HLA-B	B*51	Italian	0.11815	69
HLA-B	B*52	Italian	0.00856	5
HLA-B	B*53	Italian	0.00856	5
HLA-B	B*54	Italian	0	0
HLA-B	B*55	Italian	0.0137	8
HLA-B	B*56	Italian	0.00856	5
HLA-B	B*57	Italian	0.04623	27
HLA-B	B*58	Italian	0.01199	7
HLA-B	B*67	Italian	0	0
HLA-B	B*73	Italian	0.00171	1
HLA-B	B*78	Italian	0	0
HLA-B	B*81	Italian	0	0
HLA-B	B*82	Italian	0	0
HLA-B	B*07	Mexican	0.04327	9
HLA-B	B*08	Mexican	0.03365	7
HLA-B	B*13	Mexican	0.00962	2
HLA-B	B*14	Mexican	0.01923	4
HLA-B	B*15	Mexican	0.05769	12
HLA-B	B*18	Mexican	0.01443	3
HLA-B	B*27	Mexican	0.01923	4
HLA-B	B*35	Mexican	0.21635	45
HLA-B	B*37	Mexican	0	0
HLA-B	B*38	Mexican	0.01442	3
HLA-B	B*39	Mexican	0.26923	56
HLA-B	B*40	Mexican	0.04808	10
HLA-B	B*41	Mexican	0.01443	3
HLA-B	B*42	Mexican	0	0
HLA-B	B*44	Mexican	0.02404	5
HLA-B	B*45	Mexican	0.01923	4
HLA-B	B*46	Mexican	0	0
HLA-B	B*47	Mexican	0	0
HLA-B	B*48	Mexican	0.01923	4
HLA-B	B*49	Mexican	0.01923	4
HLA-B	B*50	Mexican	0	0
HLA-B	B*51	Mexican	0.06251	13
HLA-B	B*52	Mexican	0.03847	8
HLA-B	B*53	Mexican	0.01442	3
HLA-B	B*54	Mexican	0	0
HLA-B	B*55	Mexican	0.00481	1
HLA-B	B*56	Mexican	0	0
HLA-B	B*57	Mexican	0.02404	5
HLA-B	B*58	Mexican	0.01442	3
HLA-B	B*67	Mexican	0	0
HLA-B	B*73	Mexican	0	0
HLA-B	B*78	Mexican	0	0
HLA-B	B*81	Mexican	0	0
HLA-B	B*82	Mexican	0	0
HLA-B	B*07	Spanish	0.10325	57
HLA-B	B*08	Spanish	0.06522	36
HLA-B	B*13	Spanish	0.01268	7
HLA-B	B*14	Spanish	0.05253	29
HLA-B	B*15	Spanish	0.05252	29
HLA-B	B*18	Spanish	0.07066	39
HLA-B	B*27	Spanish	0.03623	20
HLA-B	B*35	Spanish	0.11412	63
HLA-B	B*37	Spanish	0.02174	12
HLA-B	B*38	Spanish	0.03261	18
HLA-B	B*39	Spanish	0.01268	7
HLA-B	B*40	Spanish	0.04711	26
HLA-B	B*41	Spanish	0.00724	4
HLA-B	B*42	Spanish	0	0
HLA-B	B*44	Spanish	0.14854	82
HLA-B	B*45	Spanish	0.00725	4
HLA-B	B*46	Spanish	0	0
HLA-B	B*47	Spanish	0.00543	3
HLA-B	B*48	Spanish	0	0
HLA-B	B*49	Spanish	0.03986	22
HLA-B	B*50	Spanish	0.03442	19
HLA-B	B*51	Spanish	0.0634	35
HLA-B	B*52	Spanish	0.01268	7
HLA-B	B*53	Spanish	0.01087	6
HLA-B	B*54	Spanish	0	0
HLA-B	B*55	Spanish	0.01449	8
HLA-B	B*56	Spanish	0	0
HLA-B	B*57	Spanish	0.01268	7
HLA-B	B*58	Spanish	0.01993	11
HLA-B	B*67	Spanish	0	0
HLA-B	B*73	Spanish	0.00181	1
HLA-B	B*78	Spanish	0	0
HLA-B	B*81	Spanish	0	0
HLA-B	B*82	Spanish	0	0
HLA-B	B*07	Thai	0.02381	2
HLA-B	B*08	Thai	0.0119	1
HLA-B	B*13	Thai	0.07142	6
HLA-B	B*14	Thai	0	0
HLA-B	B*15	Thai	0.15475	13
HLA-B	B*18	Thai	0.05952	5
HLA-B	B*27	Thai	0.0238	2
HLA-B	B*35	Thai	0.04761	4
HLA-B	B*37	Thai	0	0
HLA-B	B*38	Thai	0.07143	6
HLA-B	B*39	Thai	0.0119	1
HLA-B	B*40	Thai	0.07142	6
HLA-B	B*41	Thai	0.0119	1
HLA-B	B*42	Thai	0	0
HLA-B	B*44	Thai	0.10714	9
HLA-B	B*45	Thai	0	0
HLA-B	B*46	Thai	0.14286	12
HLA-B	B*47	Thai	0	0
HLA-B	B*48	Thai	0	0
HLA-B	B*49	Thai	0	0
HLA-B	B*50	Thai	0	0
HLA-B	B*51	Thai	0.03571	3
HLA-B	B*52	Thai	0.03571	3
HLA-B	B*53	Thai	0	0
HLA-B	B*54	Thai	0	0
HLA-B	B*55	Thai	0	0
HLA-B	B*56	Thai	0.02381	2
HLA-B	B*57	Thai	0.02381	2
HLA-B	B*58	Thai	0.07143	6
HLA-B	B*67	Thai	0	0
HLA-B	B*73	Thai	0	0
HLA-B	B*78	Thai	0	0
HLA-B	B*81	Thai	0	0
HLA-B	B*82	Thai	0	0
HLA-B	B*07	USA_Hispanic	0.08036	9
HLA-B	B*08	USA_Hispanic	0.0625	7
HLA-B	B*13	USA_Hispanic	0.00893	1
HLA-B	B*14	USA_Hispanic	0.07143	8
HLA-B	B*15	USA_Hispanic	0.09822	11
HLA-B	B*18	USA_Hispanic	0.02679	3
HLA-B	B*27	USA_Hispanic	0.02679	3
HLA-B	B*35	USA_Hispanic	0.18752	21
HLA-B	B*37	USA_Hispanic	0	0
HLA-B	B*38	USA_Hispanic	0.01786	2
HLA-B	B*39	USA_Hispanic	0.09822	11
HLA-B	B*40	USA_Hispanic	0.06251	7
HLA-B	B*41	USA_Hispanic	0	0
HLA-B	B*42	USA_Hispanic	0	0
HLA-B	B*44	USA_Hispanic	0.08036	9
HLA-B	B*45	USA_Hispanic	0.02679	3
HLA-B	B*46	USA_Hispanic	0.00893	1
HLA-B	B*47	USA_Hispanic	0.00893	1
HLA-B	B*48	USA_Hispanic	0.00893	1
HLA-B	B*49	USA_Hispanic	0.01786	2
HLA-B	B*50	USA_Hispanic	0	0
HLA-B	B*51	USA_Hispanic	0.07143	8
HLA-B	B*52	USA_Hispanic	0.00893	1
HLA-B	B*53	USA_Hispanic	0	0
HLA-B	B*54	USA_Hispanic	0	0
HLA-B	B*55	USA_Hispanic	0	0
HLA-B	B*56	USA_Hispanic	0	0
HLA-B	B*57	USA_Hispanic	0	0
HLA-B	B*58	USA_Hispanic	0.00893	1
HLA-B	B*67	USA_Hispanic	0	0
HLA-B	B*73	USA_Hispanic	0	0
HLA-B	B*78	USA_Hispanic	0	0
HLA-B	B*81	USA_Hispanic	0.01786	2
HLA-B	B*82	USA_Hispanic	0	0
HLA-C	C*01	AfAm	0.00635	5
HLA-C	C*02	AfAm	0.09264	73
HLA-C	C*03	AfAm	0.07233	57
HLA-C	C*04	AfAm	0.20686	163
HLA-C	C*05	AfAm	0.04315	34
HLA-C	C*06	AfAm	0.08376	66
HLA-C	C*07	AfAm	0.19797	156
HLA-C	C*08	AfAm	0.05203	41
HLA-C	C*12	AfAm	0.01904	15
HLA-C	C*14	AfAm	0.02157	17
HLA-C	C*15	AfAm	0.02031	16
HLA-C	C*16	AfAm	0.07615	60
HLA-C	C*17	AfAm	0.07615	60
HLA-C	C*18	AfAm	0.03173	25
HLA-C	C*01	API	0.13953	12
HLA-C	C*02	API	0	0
HLA-C	C*03	API	0.15116	13
HLA-C	C*04	API	0.13953	12
HLA-C	C*05	API	0.01163	1
HLA-C	C*06	API	0.02326	2
HLA-C	C*07	API	0.25582	22
HLA-C	C*08	API	0.13953	12
HLA-C	C*12	API	0.0814	7
HLA-C	C*14	API	0.02326	2
HLA-C	C*15	API	0.03489	3
HLA-C	C*16	API	0	0
HLA-C	C*17	API	0	0
HLA-C	C*18	API	0	0
HLA-C	C*01	Arab	0	0
HLA-C	C*02	Arab	0.04808	5
HLA-C	C*03	Arab	0.04808	5
HLA-C	C*04	Arab	0.14423	15
HLA-C	C*05	Arab	0.02885	3
HLA-C	C*06	Arab	0.16347	17
HLA-C	C*07	Arab	0.21155	22
HLA-C	C*08	Arab	0.04808	5
HLA-C	C*12	Arab	0.11539	12
HLA-C	C*14	Arab	0.01923	2
HLA-C	C*15	Arab	0.06732	7
HLA-C	C*16	Arab	0.06731	7
HLA-C	C*17	Arab	0.02885	3
HLA-C	C*18	Arab	0.00962	1
HLA-C	C*01	EuAm	0.0306	151
HLA-C	C*02	EuAm	0.04722	233
HLA-C	C*03	EuAm	0.13051	644
HLA-C	C*04	EuAm	0.11795	582
HLA-C	C*05	EuAm	0.08106	400
HLA-C	C*06	EuAm	0.0839	414
HLA-C	C*07	EuAm	0.30704	1515
HLA-C	C*08	EuAm	0.04417	218
HLA-C	C*12	EuAm	0.06749	333
HLA-C	C*14	EuAm	0.01257	62
HLA-C	C*15	EuAm	0.02757	136
HLA-C	C*16	EuAm	0.03952	195
HLA-C	C*17	EuAm	0.01014	50
HLA-C	C*18	EuAm	2e-04	1
HLA-C	C*01	European	0.04245	18
HLA-C	C*02	European	0.04953	21
HLA-C	C*03	European	0.1415	60
HLA-C	C*04	European	0.07547	32
HLA-C	C*05	European	0.0849	36
HLA-C	C*06	European	0.09906	42
HLA-C	C*07	European	0.30188	128
HLA-C	C*08	European	0.04953	21
HLA-C	C*12	European	0.06369	27
HLA-C	C*14	European	0.01887	8
HLA-C	C*15	European	0.03067	13
HLA-C	C*16	European	0.0401	17
HLA-C	C*17	European	0.00236	1
HLA-C	C*18	European	0	0
HLA-C	C*01	Global	0.03458	298
HLA-C	C*02	Global	0.04931	425
HLA-C	C*03	Global	0.11024	950
HLA-C	C*04	Global	0.13748	1185
HLA-C	C*05	Global	0.06729	580
HLA-C	C*06	Global	0.08841	762
HLA-C	C*07	Global	0.28124	2424
HLA-C	C*08	Global	0.04629	399
HLA-C	C*12	Global	0.07194	620
HLA-C	C*14	Global	0.01671	144
HLA-C	C*15	Global	0.03493	301
HLA-C	C*16	Global	0.04327	373
HLA-C	C*17	Global	0.01497	129
HLA-C	C*18	Global	0.00348	30
HLA-C	C*01	Greek	0.03095	13
HLA-C	C*02	Greek	0.07143	30
HLA-C	C*03	Greek	0.05239	22
HLA-C	C*04	Greek	0.16905	71
HLA-C	C*05	Greek	0.04285	18
HLA-C	C*06	Greek	0.08571	36
HLA-C	C*07	Greek	0.23094	97
HLA-C	C*08	Greek	0.02619	11
HLA-C	C*12	Greek	0.14047	59
HLA-C	C*14	Greek	0.03571	15
HLA-C	C*15	Greek	0.05714	24
HLA-C	C*16	Greek	0.04762	20
HLA-C	C*17	Greek	0.00952	4
HLA-C	C*18	Greek	0	0
HLA-C	C*01	India	0.04012	13
HLA-C	C*02	India	0.00926	3
HLA-C	C*03	India	0.05864	19
HLA-C	C*04	India	0.15741	51
HLA-C	C*05	India	0.00309	1
HLA-C	C*06	India	0.18827	61
HLA-C	C*07	India	0.22223	72
HLA-C	C*08	India	0.01543	5
HLA-C	C*12	India	0.12345	40
HLA-C	C*14	India	0.04938	16
HLA-C	C*15	India	0.11111	36
HLA-C	C*16	India	0.01852	6
HLA-C	C*17	India	0.00309	1
HLA-C	C*18	India	0	0
HLA-C	C*01	Italian	0.04966	29
HLA-C	C*02	Italian	0.03767	22
HLA-C	C*03	Italian	0.06849	40
HLA-C	C*04	Italian	0.17124	100
HLA-C	C*05	Italian	0.05651	33
HLA-C	C*06	Italian	0.10616	62
HLA-C	C*07	Italian	0.23631	138
HLA-C	C*08	Italian	0.03767	22
HLA-C	C*12	Italian	0.10445	61
HLA-C	C*14	Italian	0.01541	9
HLA-C	C*15	Italian	0.05993	35
HLA-C	C*16	Italian	0.04452	26
HLA-C	C*17	Italian	0.01027	6
HLA-C	C*18	Italian	0.00171	1
HLA-C	C*01	Mexican	0.07692	16
HLA-C	C*02	Mexican	0.02885	6
HLA-C	C*03	Mexican	0.125	26
HLA-C	C*04	Mexican	0.19231	40
HLA-C	C*05	Mexican	0.00962	2
HLA-C	C*06	Mexican	0.04327	9
HLA-C	C*07	Mexican	0.37981	79
HLA-C	C*08	Mexican	0.05288	11
HLA-C	C*12	Mexican	0.03366	7
HLA-C	C*14	Mexican	0	0
HLA-C	C*15	Mexican	0.03366	7
HLA-C	C*16	Mexican	0.01923	4
HLA-C	C*17	Mexican	0.00481	1
HLA-C	C*18	Mexican	0	0
HLA-C	C*01	Spanish	0.02899	16
HLA-C	C*02	Spanish	0.05615	31
HLA-C	C*03	Spanish	0.07971	44
HLA-C	C*04	Spanish	0.15579	86
HLA-C	C*05	Spanish	0.09058	50
HLA-C	C*06	Spanish	0.08152	45
HLA-C	C*07	Spanish	0.24456	135
HLA-C	C*08	Spanish	0.05616	31
HLA-C	C*12	Spanish	0.09058	50
HLA-C	C*14	Spanish	0.01993	11
HLA-C	C*15	Spanish	0.0308	17
HLA-C	C*16	Spanish	0.05978	33
HLA-C	C*17	Spanish	0.00543	3
HLA-C	C*18	Spanish	0	0
HLA-C	C*01	Thai	0.15476	13
HLA-C	C*02	Thai	0	0
HLA-C	C*03	Thai	0.11905	10
HLA-C	C*04	Thai	0.14286	12
HLA-C	C*05	Thai	0	0
HLA-C	C*06	Thai	0.05952	5
HLA-C	C*07	Thai	0.29761	25
HLA-C	C*08	Thai	0.10714	9
HLA-C	C*12	Thai	0.07143	6
HLA-C	C*14	Thai	0.02381	2
HLA-C	C*15	Thai	0.02381	2
HLA-C	C*16	Thai	0	0
HLA-C	C*17	Thai	0	0
HLA-C	C*18	Thai	0	0
HLA-C	C*01	USA_Hispanic	0.10714	12
HLA-C	C*02	USA_Hispanic	0.00893	1
HLA-C	C*03	USA_Hispanic	0.0893	10
HLA-C	C*04	USA_Hispanic	0.1875	21
HLA-C	C*05	USA_Hispanic	0.01786	2
HLA-C	C*06	USA_Hispanic	0.02679	3
HLA-C	C*07	USA_Hispanic	0.31251	35
HLA-C	C*08	USA_Hispanic	0.11607	13
HLA-C	C*12	USA_Hispanic	0.02679	3
HLA-C	C*14	USA_Hispanic	0	0
HLA-C	C*15	USA_Hispanic	0.04464	5
HLA-C	C*16	USA_Hispanic	0.04464	5
HLA-C	C*17	USA_Hispanic	0	0
HLA-C	C*18	USA_Hispanic	0.01786	2
HLA-DPA1	DPA1*01	AfAm	0.45922	349
HLA-DPA1	DPA1*02	AfAm	0.42369	322
HLA-DPA1	DPA1*03	AfAm	0.11053	84
HLA-DPA1	DPA1*04	AfAm	0.00658	5
HLA-DPA1	DPA1*01	API	0.37805	31
HLA-DPA1	DPA1*02	API	0.59756	49
HLA-DPA1	DPA1*03	API	0	0
HLA-DPA1	DPA1*04	API	0.02439	2
HLA-DPA1	DPA1*01	Arab	0.66345	69
HLA-DPA1	DPA1*02	Arab	0.30769	32
HLA-DPA1	DPA1*03	Arab	0.01923	2
HLA-DPA1	DPA1*04	Arab	0.00962	1
HLA-DPA1	DPA1*01	EuAm	0.81789	3983
HLA-DPA1	DPA1*02	EuAm	0.18028	878
HLA-DPA1	DPA1*03	EuAm	0.00164	8
HLA-DPA1	DPA1*04	EuAm	0.00021	1
HLA-DPA1	DPA1*01	European	0.82782	351
HLA-DPA1	DPA1*02	European	0.16981	72
HLA-DPA1	DPA1*03	European	0.00236	1
HLA-DPA1	DPA1*04	European	0	0
HLA-DPA1	DPA1*01	Global	0.76947	5534
HLA-DPA1	DPA1*02	Global	0.21551	1550
HLA-DPA1	DPA1*03	Global	0.01349	97
HLA-DPA1	DPA1*04	Global	0.00153	11
HLA-DPA1	DPA1*01	India	0.63829	60
HLA-DPA1	DPA1*02	India	0.36169	34
HLA-DPA1	DPA1*03	India	0	0
HLA-DPA1	DPA1*04	India	0	0
HLA-DPA1	DPA1*01	Mexican	0.84616	176
HLA-DPA1	DPA1*02	Mexican	0.14904	31
HLA-DPA1	DPA1*03	Mexican	0	0
HLA-DPA1	DPA1*04	Mexican	0.00481	1
HLA-DPA1	DPA1*01	Spanish	0.78728	433
HLA-DPA1	DPA1*02	Spanish	0.20727	114
HLA-DPA1	DPA1*03	Spanish	0.00364	2
HLA-DPA1	DPA1*04	Spanish	0.00182	1
HLA-DPA1	DPA1*01	USA_Hispanic	0.82	82
HLA-DPA1	DPA1*02	USA_Hispanic	0.18	18
HLA-DPA1	DPA1*03	USA_Hispanic	0	0
HLA-DPA1	DPA1*04	USA_Hispanic	0	0
HLA-DPB1	DPB1*01	AfAm	0.26015	205
HLA-DPB1	DPB1*02	AfAm	0.14213	112
HLA-DPB1	DPB1*03	AfAm	0.02919	23
HLA-DPB1	DPB1*04	AfAm	0.16497	130
HLA-DPB1	DPB1*05	AfAm	0.00761	6
HLA-DPB1	DPB1*06	AfAm	0.00635	5
HLA-DPB1	DPB1*09	AfAm	0.00127	1
HLA-DPB1	DPB1*10	AfAm	0.00635	5
HLA-DPB1	DPB1*104	AfAm	0.02665	21
HLA-DPB1	DPB1*105	AfAm	0.09391	74
HLA-DPB1	DPB1*106	AfAm	0.00127	1
HLA-DPB1	DPB1*107	AfAm	0	0
HLA-DPB1	DPB1*11	AfAm	0.03173	25
HLA-DPB1	DPB1*124	AfAm	0.00127	1
HLA-DPB1	DPB1*126	AfAm	0.00127	1
HLA-DPB1	DPB1*13	AfAm	0.03299	26
HLA-DPB1	DPB1*130	AfAm	0	0
HLA-DPB1	DPB1*131	AfAm	0.0165	13
HLA-DPB1	DPB1*133	AfAm	0.00127	1
HLA-DPB1	DPB1*135	AfAm	0	0
HLA-DPB1	DPB1*138	AfAm	0	0
HLA-DPB1	DPB1*14	AfAm	0.00508	4
HLA-DPB1	DPB1*15	AfAm	0.00381	3
HLA-DPB1	DPB1*16	AfAm	0.00127	1
HLA-DPB1	DPB1*162	AfAm	0.00127	1
HLA-DPB1	DPB1*17	AfAm	0.03173	25
HLA-DPB1	DPB1*18	AfAm	0.0736	58
HLA-DPB1	DPB1*19	AfAm	0.00127	1
HLA-DPB1	DPB1*20	AfAm	0.00254	2
HLA-DPB1	DPB1*21	AfAm	0	0
HLA-DPB1	DPB1*23	AfAm	0	0
HLA-DPB1	DPB1*25	AfAm	0	0
HLA-DPB1	DPB1*259	AfAm	0	0
HLA-DPB1	DPB1*26	AfAm	0	0
HLA-DPB1	DPB1*29	AfAm	0.00127	1
HLA-DPB1	DPB1*296	AfAm	0	0
HLA-DPB1	DPB1*30	AfAm	0.00381	3
HLA-DPB1	DPB1*31	AfAm	0	0
HLA-DPB1	DPB1*34	AfAm	0.00127	1
HLA-DPB1	DPB1*35	AfAm	0	0
HLA-DPB1	DPB1*350	AfAm	0	0
HLA-DPB1	DPB1*37	AfAm	0	0
HLA-DPB1	DPB1*38	AfAm	0	0
HLA-DPB1	DPB1*39	AfAm	0.00635	5
HLA-DPB1	DPB1*40	AfAm	0.01396	11
HLA-DPB1	DPB1*414	AfAm	0.00127	1
HLA-DPB1	DPB1*416	AfAm	0	0
HLA-DPB1	DPB1*417	AfAm	0.00508	4
HLA-DPB1	DPB1*45	AfAm	0	0
HLA-DPB1	DPB1*46	AfAm	0	0
HLA-DPB1	DPB1*461	AfAm	0.00127	1
HLA-DPB1	DPB1*463	AfAm	0.00127	1
HLA-DPB1	DPB1*47	AfAm	0	0
HLA-DPB1	DPB1*49	AfAm	0.00127	1
HLA-DPB1	DPB1*51	AfAm	0	0
HLA-DPB1	DPB1*519	AfAm	0.00127	1
HLA-DPB1	DPB1*52	AfAm	0	0
HLA-DPB1	DPB1*59	AfAm	0	0
HLA-DPB1	DPB1*63	AfAm	0	0
HLA-DPB1	DPB1*81	AfAm	0	0
HLA-DPB1	DPB1*85	AfAm	0.0165	13
HLA-DPB1	DPB1*90	AfAm	0	0
HLA-DPB1	DPB1*01	API	0.0814	7
HLA-DPB1	DPB1*02	API	0.19768	17
HLA-DPB1	DPB1*03	API	0.02326	2
HLA-DPB1	DPB1*04	API	0.19768	17
HLA-DPB1	DPB1*05	API	0.27907	24
HLA-DPB1	DPB1*06	API	0	0
HLA-DPB1	DPB1*09	API	0.06977	6
HLA-DPB1	DPB1*10	API	0	0
HLA-DPB1	DPB1*104	API	0.01163	1
HLA-DPB1	DPB1*105	API	0	0
HLA-DPB1	DPB1*106	API	0	0
HLA-DPB1	DPB1*107	API	0.02326	2
HLA-DPB1	DPB1*11	API	0	0
HLA-DPB1	DPB1*124	API	0	0
HLA-DPB1	DPB1*126	API	0	0
HLA-DPB1	DPB1*13	API	0	0
HLA-DPB1	DPB1*130	API	0	0
HLA-DPB1	DPB1*131	API	0	0
HLA-DPB1	DPB1*133	API	0	0
HLA-DPB1	DPB1*135	API	0.03488	3
HLA-DPB1	DPB1*138	API	0	0
HLA-DPB1	DPB1*14	API	0.03488	3
HLA-DPB1	DPB1*15	API	0	0
HLA-DPB1	DPB1*16	API	0	0
HLA-DPB1	DPB1*162	API	0	0
HLA-DPB1	DPB1*17	API	0	0
HLA-DPB1	DPB1*18	API	0	0
HLA-DPB1	DPB1*19	API	0	0
HLA-DPB1	DPB1*20	API	0	0
HLA-DPB1	DPB1*21	API	0	0
HLA-DPB1	DPB1*23	API	0	0
HLA-DPB1	DPB1*25	API	0.01163	1
HLA-DPB1	DPB1*259	API	0	0
HLA-DPB1	DPB1*26	API	0	0
HLA-DPB1	DPB1*29	API	0	0
HLA-DPB1	DPB1*296	API	0.01163	1
HLA-DPB1	DPB1*30	API	0	0
HLA-DPB1	DPB1*31	API	0	0
HLA-DPB1	DPB1*34	API	0	0
HLA-DPB1	DPB1*35	API	0	0
HLA-DPB1	DPB1*350	API	0	0
HLA-DPB1	DPB1*37	API	0	0
HLA-DPB1	DPB1*38	API	0.01163	1
HLA-DPB1	DPB1*39	API	0	0
HLA-DPB1	DPB1*40	API	0	0
HLA-DPB1	DPB1*414	API	0	0
HLA-DPB1	DPB1*416	API	0	0
HLA-DPB1	DPB1*417	API	0	0
HLA-DPB1	DPB1*45	API	0.01163	1
HLA-DPB1	DPB1*46	API	0	0
HLA-DPB1	DPB1*461	API	0	0
HLA-DPB1	DPB1*463	API	0	0
HLA-DPB1	DPB1*47	API	0	0
HLA-DPB1	DPB1*49	API	0	0
HLA-DPB1	DPB1*51	API	0	0
HLA-DPB1	DPB1*519	API	0	0
HLA-DPB1	DPB1*52	API	0	0
HLA-DPB1	DPB1*59	API	0	0
HLA-DPB1	DPB1*63	API	0	0
HLA-DPB1	DPB1*81	API	0	0
HLA-DPB1	DPB1*85	API	0	0
HLA-DPB1	DPB1*90	API	0	0
HLA-DPB1	DPB1*01	Arab	0.09616	10
HLA-DPB1	DPB1*02	Arab	0.20192	21
HLA-DPB1	DPB1*03	Arab	0.03846	4
HLA-DPB1	DPB1*04	Arab	0.40385	42
HLA-DPB1	DPB1*05	Arab	0	0
HLA-DPB1	DPB1*06	Arab	0	0
HLA-DPB1	DPB1*09	Arab	0.02885	3
HLA-DPB1	DPB1*10	Arab	0.00962	1
HLA-DPB1	DPB1*104	Arab	0.04808	5
HLA-DPB1	DPB1*105	Arab	0.02885	3
HLA-DPB1	DPB1*106	Arab	0	0
HLA-DPB1	DPB1*107	Arab	0.01923	2
HLA-DPB1	DPB1*11	Arab	0	0
HLA-DPB1	DPB1*124	Arab	0.00962	1
HLA-DPB1	DPB1*126	Arab	0	0
HLA-DPB1	DPB1*13	Arab	0	0
HLA-DPB1	DPB1*130	Arab	0	0
HLA-DPB1	DPB1*131	Arab	0	0
HLA-DPB1	DPB1*133	Arab	0	0
HLA-DPB1	DPB1*135	Arab	0	0
HLA-DPB1	DPB1*138	Arab	0	0
HLA-DPB1	DPB1*14	Arab	0.04808	5
HLA-DPB1	DPB1*15	Arab	0	0
HLA-DPB1	DPB1*16	Arab	0	0
HLA-DPB1	DPB1*162	Arab	0	0
HLA-DPB1	DPB1*17	Arab	0.02885	3
HLA-DPB1	DPB1*18	Arab	0.00962	1
HLA-DPB1	DPB1*19	Arab	0	0
HLA-DPB1	DPB1*20	Arab	0	0
HLA-DPB1	DPB1*21	Arab	0	0
HLA-DPB1	DPB1*23	Arab	0.00962	1
HLA-DPB1	DPB1*25	Arab	0	0
HLA-DPB1	DPB1*259	Arab	0	0
HLA-DPB1	DPB1*26	Arab	0.00962	1
HLA-DPB1	DPB1*29	Arab	0	0
HLA-DPB1	DPB1*296	Arab	0	0
HLA-DPB1	DPB1*30	Arab	0	0
HLA-DPB1	DPB1*31	Arab	0	0
HLA-DPB1	DPB1*34	Arab	0	0
HLA-DPB1	DPB1*35	Arab	0	0
HLA-DPB1	DPB1*350	Arab	0.00962	1
HLA-DPB1	DPB1*37	Arab	0	0
HLA-DPB1	DPB1*38	Arab	0	0
HLA-DPB1	DPB1*39	Arab	0	0
HLA-DPB1	DPB1*40	Arab	0	0
HLA-DPB1	DPB1*414	Arab	0	0
HLA-DPB1	DPB1*416	Arab	0	0
HLA-DPB1	DPB1*417	Arab	0	0
HLA-DPB1	DPB1*45	Arab	0	0
HLA-DPB1	DPB1*46	Arab	0	0
HLA-DPB1	DPB1*461	Arab	0	0
HLA-DPB1	DPB1*463	Arab	0	0
HLA-DPB1	DPB1*47	Arab	0	0
HLA-DPB1	DPB1*49	Arab	0	0
HLA-DPB1	DPB1*51	Arab	0	0
HLA-DPB1	DPB1*519	Arab	0	0
HLA-DPB1	DPB1*52	Arab	0	0
HLA-DPB1	DPB1*59	Arab	0	0
HLA-DPB1	DPB1*63	Arab	0	0
HLA-DPB1	DPB1*81	Arab	0	0
HLA-DPB1	DPB1*85	Arab	0	0
HLA-DPB1	DPB1*90	Arab	0	0
HLA-DPB1	DPB1*01	EuAm	0.05137	255
HLA-DPB1	DPB1*02	EuAm	0.14222	706
HLA-DPB1	DPB1*03	EuAm	0.0828	411
HLA-DPB1	DPB1*04	EuAm	0.53384	2650
HLA-DPB1	DPB1*05	EuAm	0.01934	96
HLA-DPB1	DPB1*06	EuAm	0.01491	74
HLA-DPB1	DPB1*09	EuAm	0.00705	35
HLA-DPB1	DPB1*10	EuAm	0.01591	79
HLA-DPB1	DPB1*104	EuAm	0.01712	85
HLA-DPB1	DPB1*105	EuAm	0.00483	24
HLA-DPB1	DPB1*106	EuAm	0	0
HLA-DPB1	DPB1*107	EuAm	0.00322	16
HLA-DPB1	DPB1*11	EuAm	0.02236	111
HLA-DPB1	DPB1*124	EuAm	0.00141	7
HLA-DPB1	DPB1*126	EuAm	0.00081	4
HLA-DPB1	DPB1*13	EuAm	0.01168	58
HLA-DPB1	DPB1*130	EuAm	2e-04	1
HLA-DPB1	DPB1*131	EuAm	2e-04	1
HLA-DPB1	DPB1*133	EuAm	0	0
HLA-DPB1	DPB1*135	EuAm	0	0
HLA-DPB1	DPB1*138	EuAm	0.00081	4
HLA-DPB1	DPB1*14	EuAm	0.01873	93
HLA-DPB1	DPB1*15	EuAm	0.01007	50
HLA-DPB1	DPB1*16	EuAm	0.00564	28
HLA-DPB1	DPB1*162	EuAm	0	0
HLA-DPB1	DPB1*17	EuAm	0.01269	63
HLA-DPB1	DPB1*18	EuAm	0	0
HLA-DPB1	DPB1*19	EuAm	0.00665	33
HLA-DPB1	DPB1*20	EuAm	0.00342	17
HLA-DPB1	DPB1*21	EuAm	0	0
HLA-DPB1	DPB1*23	EuAm	0.00705	35
HLA-DPB1	DPB1*25	EuAm	2e-04	1
HLA-DPB1	DPB1*259	EuAm	2e-04	1
HLA-DPB1	DPB1*26	EuAm	2e-04	1
HLA-DPB1	DPB1*29	EuAm	0	0
HLA-DPB1	DPB1*296	EuAm	0	0
HLA-DPB1	DPB1*30	EuAm	0	0
HLA-DPB1	DPB1*31	EuAm	0	0
HLA-DPB1	DPB1*34	EuAm	0.00121	6
HLA-DPB1	DPB1*35	EuAm	2e-04	1
HLA-DPB1	DPB1*350	EuAm	0.00081	4
HLA-DPB1	DPB1*37	EuAm	0	0
HLA-DPB1	DPB1*38	EuAm	0	0
HLA-DPB1	DPB1*39	EuAm	0	0
HLA-DPB1	DPB1*40	EuAm	0	0
HLA-DPB1	DPB1*414	EuAm	0	0
HLA-DPB1	DPB1*416	EuAm	4e-04	2
HLA-DPB1	DPB1*417	EuAm	0	0
HLA-DPB1	DPB1*45	EuAm	0.00081	4
HLA-DPB1	DPB1*46	EuAm	0	0
HLA-DPB1	DPB1*461	EuAm	0	0
HLA-DPB1	DPB1*463	EuAm	0	0
HLA-DPB1	DPB1*47	EuAm	2e-04	1
HLA-DPB1	DPB1*49	EuAm	0	0
HLA-DPB1	DPB1*51	EuAm	0	0
HLA-DPB1	DPB1*519	EuAm	4e-04	2
HLA-DPB1	DPB1*52	EuAm	2e-04	1
HLA-DPB1	DPB1*59	EuAm	2e-04	1
HLA-DPB1	DPB1*63	EuAm	0	0
HLA-DPB1	DPB1*81	EuAm	4e-04	2
HLA-DPB1	DPB1*85	EuAm	0	0
HLA-DPB1	DPB1*90	EuAm	2e-04	1
HLA-DPB1	DPB1*01	European	0.04245	18
HLA-DPB1	DPB1*02	European	0.12028	51
HLA-DPB1	DPB1*03	European	0.10142	43
HLA-DPB1	DPB1*04	European	0.54953	233
HLA-DPB1	DPB1*05	European	0.01415	6
HLA-DPB1	DPB1*06	European	0.01179	5
HLA-DPB1	DPB1*09	European	0.00708	3
HLA-DPB1	DPB1*10	European	0.01887	8
HLA-DPB1	DPB1*104	European	0.01179	5
HLA-DPB1	DPB1*105	European	0.00472	2
HLA-DPB1	DPB1*106	European	0	0
HLA-DPB1	DPB1*107	European	0.01415	6
HLA-DPB1	DPB1*11	European	0.02123	9
HLA-DPB1	DPB1*124	European	0.00472	2
HLA-DPB1	DPB1*126	European	0.00236	1
HLA-DPB1	DPB1*13	European	0.00943	4
HLA-DPB1	DPB1*130	European	0	0
HLA-DPB1	DPB1*131	European	0	0
HLA-DPB1	DPB1*133	European	0	0
HLA-DPB1	DPB1*135	European	0	0
HLA-DPB1	DPB1*138	European	0	0
HLA-DPB1	DPB1*14	European	0.00943	4
HLA-DPB1	DPB1*15	European	0.00472	2
HLA-DPB1	DPB1*16	European	0.00236	1
HLA-DPB1	DPB1*162	European	0	0
HLA-DPB1	DPB1*17	European	0.02123	9
HLA-DPB1	DPB1*18	European	0	0
HLA-DPB1	DPB1*19	European	0.00708	3
HLA-DPB1	DPB1*20	European	0.00708	3
HLA-DPB1	DPB1*21	European	0	0
HLA-DPB1	DPB1*23	European	0.00708	3
HLA-DPB1	DPB1*25	European	0	0
HLA-DPB1	DPB1*259	European	0	0
HLA-DPB1	DPB1*26	European	0	0
HLA-DPB1	DPB1*29	European	0	0
HLA-DPB1	DPB1*296	European	0	0
HLA-DPB1	DPB1*30	European	0	0
HLA-DPB1	DPB1*31	European	0	0
HLA-DPB1	DPB1*34	European	0.00708	3
HLA-DPB1	DPB1*35	European	0	0
HLA-DPB1	DPB1*350	European	0	0
HLA-DPB1	DPB1*37	European	0	0
HLA-DPB1	DPB1*38	European	0	0
HLA-DPB1	DPB1*39	European	0	0
HLA-DPB1	DPB1*40	European	0	0
HLA-DPB1	DPB1*414	European	0	0
HLA-DPB1	DPB1*416	European	0	0
HLA-DPB1	DPB1*417	European	0	0
HLA-DPB1	DPB1*45	European	0	0
HLA-DPB1	DPB1*46	European	0	0
HLA-DPB1	DPB1*461	European	0	0
HLA-DPB1	DPB1*463	European	0	0
HLA-DPB1	DPB1*47	European	0	0
HLA-DPB1	DPB1*49	European	0	0
HLA-DPB1	DPB1*51	European	0	0
HLA-DPB1	DPB1*519	European	0	0
HLA-DPB1	DPB1*52	European	0	0
HLA-DPB1	DPB1*59	European	0	0
HLA-DPB1	DPB1*63	European	0	0
HLA-DPB1	DPB1*81	European	0	0
HLA-DPB1	DPB1*85	European	0	0
HLA-DPB1	DPB1*90	European	0	0
HLA-DPB1	DPB1*01	Global	0.06813	561
HLA-DPB1	DPB1*02	Global	0.14792	1218
HLA-DPB1	DPB1*03	Global	0.07008	577
HLA-DPB1	DPB1*04	Global	0.48566	3999
HLA-DPB1	DPB1*05	Global	0.02137	176
HLA-DPB1	DPB1*06	Global	0.01251	103
HLA-DPB1	DPB1*09	Global	0.0085	70
HLA-DPB1	DPB1*10	Global	0.01603	132
HLA-DPB1	DPB1*104	Global	0.02089	172
HLA-DPB1	DPB1*105	Global	0.0147	121
HLA-DPB1	DPB1*106	Global	0.00024	2
HLA-DPB1	DPB1*107	Global	0.00449	37
HLA-DPB1	DPB1*11	Global	0.0221	182
HLA-DPB1	DPB1*124	Global	0.00158	13
HLA-DPB1	DPB1*126	Global	0.00121	10
HLA-DPB1	DPB1*13	Global	0.01652	136
HLA-DPB1	DPB1*130	Global	0.00012	1
HLA-DPB1	DPB1*131	Global	0.00206	17
HLA-DPB1	DPB1*133	Global	0.00012	1
HLA-DPB1	DPB1*135	Global	0.00049	4
HLA-DPB1	DPB1*138	Global	0.00061	5
HLA-DPB1	DPB1*14	Global	0.01797	148
HLA-DPB1	DPB1*15	Global	0.00814	67
HLA-DPB1	DPB1*16	Global	0.00401	33
HLA-DPB1	DPB1*162	Global	0.00012	1
HLA-DPB1	DPB1*17	Global	0.01725	142
HLA-DPB1	DPB1*18	Global	0.00729	60
HLA-DPB1	DPB1*19	Global	0.00559	46
HLA-DPB1	DPB1*20	Global	0.00352	29
HLA-DPB1	DPB1*21	Global	0.00036	3
HLA-DPB1	DPB1*23	Global	0.00559	46
HLA-DPB1	DPB1*25	Global	0.00024	2
HLA-DPB1	DPB1*259	Global	0.00012	1
HLA-DPB1	DPB1*26	Global	0.00206	17
HLA-DPB1	DPB1*29	Global	0.00012	1
HLA-DPB1	DPB1*296	Global	0.00049	4
HLA-DPB1	DPB1*30	Global	0.00036	3
HLA-DPB1	DPB1*31	Global	0.00024	2
HLA-DPB1	DPB1*34	Global	0.00134	11
HLA-DPB1	DPB1*35	Global	0.00012	1
HLA-DPB1	DPB1*350	Global	0.00073	6
HLA-DPB1	DPB1*37	Global	0.00012	1
HLA-DPB1	DPB1*38	Global	0.00012	1
HLA-DPB1	DPB1*39	Global	0.00061	5
HLA-DPB1	DPB1*40	Global	0.00134	11
HLA-DPB1	DPB1*414	Global	0.00049	4
HLA-DPB1	DPB1*416	Global	0.00134	11
HLA-DPB1	DPB1*417	Global	0.00049	4
HLA-DPB1	DPB1*45	Global	0.00073	6
HLA-DPB1	DPB1*46	Global	0.00036	3
HLA-DPB1	DPB1*461	Global	0.00012	1
HLA-DPB1	DPB1*463	Global	0.00012	1
HLA-DPB1	DPB1*47	Global	0.00012	1
HLA-DPB1	DPB1*49	Global	0.00012	1
HLA-DPB1	DPB1*51	Global	0.00012	1
HLA-DPB1	DPB1*519	Global	0.00036	3
HLA-DPB1	DPB1*52	Global	0.00012	1
HLA-DPB1	DPB1*59	Global	0.00024	2
HLA-DPB1	DPB1*63	Global	0.00012	1
HLA-DPB1	DPB1*81	Global	0.00024	2
HLA-DPB1	DPB1*85	Global	0.00158	13
HLA-DPB1	DPB1*90	Global	0.00012	1
HLA-DPB1	DPB1*01	Greek	0.00662	2
HLA-DPB1	DPB1*02	Greek	0.21854	66
HLA-DPB1	DPB1*03	Greek	0.04636	14
HLA-DPB1	DPB1*04	Greek	0.53642	162
HLA-DPB1	DPB1*05	Greek	0.00662	2
HLA-DPB1	DPB1*06	Greek	0.00331	1
HLA-DPB1	DPB1*09	Greek	0.00993	3
HLA-DPB1	DPB1*10	Greek	0.02649	8
HLA-DPB1	DPB1*104	Greek	0.0298	9
HLA-DPB1	DPB1*105	Greek	0.00331	1
HLA-DPB1	DPB1*106	Greek	0	0
HLA-DPB1	DPB1*107	Greek	0.01325	4
HLA-DPB1	DPB1*11	Greek	0	0
HLA-DPB1	DPB1*124	Greek	0	0
HLA-DPB1	DPB1*126	Greek	0	0
HLA-DPB1	DPB1*13	Greek	0	0
HLA-DPB1	DPB1*130	Greek	0	0
HLA-DPB1	DPB1*131	Greek	0	0
HLA-DPB1	DPB1*133	Greek	0	0
HLA-DPB1	DPB1*135	Greek	0	0
HLA-DPB1	DPB1*138	Greek	0	0
HLA-DPB1	DPB1*14	Greek	0.02649	8
HLA-DPB1	DPB1*15	Greek	0.01987	6
HLA-DPB1	DPB1*16	Greek	0	0
HLA-DPB1	DPB1*162	Greek	0	0
HLA-DPB1	DPB1*17	Greek	0.0298	9
HLA-DPB1	DPB1*18	Greek	0	0
HLA-DPB1	DPB1*19	Greek	0.00331	1
HLA-DPB1	DPB1*20	Greek	0	0
HLA-DPB1	DPB1*21	Greek	0	0
HLA-DPB1	DPB1*23	Greek	0.00331	1
HLA-DPB1	DPB1*25	Greek	0	0
HLA-DPB1	DPB1*259	Greek	0	0
HLA-DPB1	DPB1*26	Greek	0	0
HLA-DPB1	DPB1*29	Greek	0	0
HLA-DPB1	DPB1*296	Greek	0	0
HLA-DPB1	DPB1*30	Greek	0	0
HLA-DPB1	DPB1*31	Greek	0	0
HLA-DPB1	DPB1*34	Greek	0	0
HLA-DPB1	DPB1*35	Greek	0	0
HLA-DPB1	DPB1*350	Greek	0.00331	1
HLA-DPB1	DPB1*37	Greek	0.00331	1
HLA-DPB1	DPB1*38	Greek	0	0
HLA-DPB1	DPB1*39	Greek	0	0
HLA-DPB1	DPB1*40	Greek	0	0
HLA-DPB1	DPB1*414	Greek	0	0
HLA-DPB1	DPB1*416	Greek	0.00331	1
HLA-DPB1	DPB1*417	Greek	0	0
HLA-DPB1	DPB1*45	Greek	0	0
HLA-DPB1	DPB1*46	Greek	0.00662	2
HLA-DPB1	DPB1*461	Greek	0	0
HLA-DPB1	DPB1*463	Greek	0	0
HLA-DPB1	DPB1*47	Greek	0	0
HLA-DPB1	DPB1*49	Greek	0	0
HLA-DPB1	DPB1*51	Greek	0	0
HLA-DPB1	DPB1*519	Greek	0	0
HLA-DPB1	DPB1*52	Greek	0	0
HLA-DPB1	DPB1*59	Greek	0	0
HLA-DPB1	DPB1*63	Greek	0	0
HLA-DPB1	DPB1*81	Greek	0	0
HLA-DPB1	DPB1*85	Greek	0	0
HLA-DPB1	DPB1*90	Greek	0	0
HLA-DPB1	DPB1*01	India	0.01042	1
HLA-DPB1	DPB1*02	India	0.13542	13
HLA-DPB1	DPB1*03	India	0.02083	2
HLA-DPB1	DPB1*04	India	0.4375	42
HLA-DPB1	DPB1*05	India	0	0
HLA-DPB1	DPB1*06	India	0.01042	1
HLA-DPB1	DPB1*09	India	0.07292	7
HLA-DPB1	DPB1*10	India	0.01042	1
HLA-DPB1	DPB1*104	India	0.01042	1
HLA-DPB1	DPB1*105	India	0.02083	2
HLA-DPB1	DPB1*106	India	0	0
HLA-DPB1	DPB1*107	India	0	0
HLA-DPB1	DPB1*11	India	0.01042	1
HLA-DPB1	DPB1*124	India	0.01042	1
HLA-DPB1	DPB1*126	India	0	0
HLA-DPB1	DPB1*13	India	0.03125	3
HLA-DPB1	DPB1*130	India	0	0
HLA-DPB1	DPB1*131	India	0	0
HLA-DPB1	DPB1*133	India	0	0
HLA-DPB1	DPB1*135	India	0	0
HLA-DPB1	DPB1*138	India	0	0
HLA-DPB1	DPB1*14	India	0	0
HLA-DPB1	DPB1*15	India	0	0
HLA-DPB1	DPB1*16	India	0	0
HLA-DPB1	DPB1*162	India	0	0
HLA-DPB1	DPB1*17	India	0.05208	5
HLA-DPB1	DPB1*18	India	0	0
HLA-DPB1	DPB1*19	India	0	0
HLA-DPB1	DPB1*20	India	0	0
HLA-DPB1	DPB1*21	India	0	0
HLA-DPB1	DPB1*23	India	0	0
HLA-DPB1	DPB1*25	India	0	0
HLA-DPB1	DPB1*259	India	0	0
HLA-DPB1	DPB1*26	India	0.14583	14
HLA-DPB1	DPB1*29	India	0	0
HLA-DPB1	DPB1*296	India	0	0
HLA-DPB1	DPB1*30	India	0	0
HLA-DPB1	DPB1*31	India	0	0
HLA-DPB1	DPB1*34	India	0	0
HLA-DPB1	DPB1*35	India	0	0
HLA-DPB1	DPB1*350	India	0	0
HLA-DPB1	DPB1*37	India	0	0
HLA-DPB1	DPB1*38	India	0	0
HLA-DPB1	DPB1*39	India	0	0
HLA-DPB1	DPB1*40	India	0	0
HLA-DPB1	DPB1*414	India	0.01042	1
HLA-DPB1	DPB1*416	India	0.01042	1
HLA-DPB1	DPB1*417	India	0	0
HLA-DPB1	DPB1*45	India	0	0
HLA-DPB1	DPB1*46	India	0	0
HLA-DPB1	DPB1*461	India	0	0
HLA-DPB1	DPB1*463	India	0	0
HLA-DPB1	DPB1*47	India	0	0
HLA-DPB1	DPB1*49	India	0	0
HLA-DPB1	DPB1*51	India	0	0
HLA-DPB1	DPB1*519	India	0	0
HLA-DPB1	DPB1*52	India	0	0
HLA-DPB1	DPB1*59	India	0	0
HLA-DPB1	DPB1*63	India	0	0
HLA-DPB1	DPB1*81	India	0	0
HLA-DPB1	DPB1*85	India	0	0
HLA-DPB1	DPB1*90	India	0	0
HLA-DPB1	DPB1*01	Italian	0.03668	19
HLA-DPB1	DPB1*02	Italian	0.17567	91
HLA-DPB1	DPB1*03	Italian	0.05792	30
HLA-DPB1	DPB1*04	Italian	0.45753	237
HLA-DPB1	DPB1*05	Italian	0.01737	9
HLA-DPB1	DPB1*06	Italian	0.00579	3
HLA-DPB1	DPB1*09	Italian	0.01158	6
HLA-DPB1	DPB1*10	Italian	0.02317	12
HLA-DPB1	DPB1*104	Italian	0.0251	13
HLA-DPB1	DPB1*105	Italian	0.01544	8
HLA-DPB1	DPB1*106	Italian	0.00193	1
HLA-DPB1	DPB1*107	Italian	0	0
HLA-DPB1	DPB1*11	Italian	0.03089	16
HLA-DPB1	DPB1*124	Italian	0.00193	1
HLA-DPB1	DPB1*126	Italian	0.00579	3
HLA-DPB1	DPB1*13	Italian	0.03282	17
HLA-DPB1	DPB1*130	Italian	0	0
HLA-DPB1	DPB1*131	Italian	0.00193	1
HLA-DPB1	DPB1*133	Italian	0	0
HLA-DPB1	DPB1*135	Italian	0	0
HLA-DPB1	DPB1*138	Italian	0	0
HLA-DPB1	DPB1*14	Italian	0.03089	16
HLA-DPB1	DPB1*15	Italian	0.00579	3
HLA-DPB1	DPB1*16	Italian	0	0
HLA-DPB1	DPB1*162	Italian	0	0
HLA-DPB1	DPB1*17	Italian	0.01351	7
HLA-DPB1	DPB1*18	Italian	0	0
HLA-DPB1	DPB1*19	Italian	0.00772	4
HLA-DPB1	DPB1*20	Italian	0.00965	5
HLA-DPB1	DPB1*21	Italian	0	0
HLA-DPB1	DPB1*23	Italian	0.00772	4
HLA-DPB1	DPB1*25	Italian	0	0
HLA-DPB1	DPB1*259	Italian	0	0
HLA-DPB1	DPB1*26	Italian	0	0
HLA-DPB1	DPB1*29	Italian	0	0
HLA-DPB1	DPB1*296	Italian	0	0
HLA-DPB1	DPB1*30	Italian	0	0
HLA-DPB1	DPB1*31	Italian	0	0
HLA-DPB1	DPB1*34	Italian	0.00193	1
HLA-DPB1	DPB1*35	Italian	0	0
HLA-DPB1	DPB1*350	Italian	0	0
HLA-DPB1	DPB1*37	Italian	0	0
HLA-DPB1	DPB1*38	Italian	0	0
HLA-DPB1	DPB1*39	Italian	0	0
HLA-DPB1	DPB1*40	Italian	0	0
HLA-DPB1	DPB1*414	Italian	0.00193	1
HLA-DPB1	DPB1*416	Italian	0.01158	6
HLA-DPB1	DPB1*417	Italian	0	0
HLA-DPB1	DPB1*45	Italian	0.00193	1
HLA-DPB1	DPB1*46	Italian	0.00193	1
HLA-DPB1	DPB1*461	Italian	0	0
HLA-DPB1	DPB1*463	Italian	0	0
HLA-DPB1	DPB1*47	Italian	0	0
HLA-DPB1	DPB1*49	Italian	0	0
HLA-DPB1	DPB1*51	Italian	0.00193	1
HLA-DPB1	DPB1*519	Italian	0	0
HLA-DPB1	DPB1*52	Italian	0	0
HLA-DPB1	DPB1*59	Italian	0	0
HLA-DPB1	DPB1*63	Italian	0.00193	1
HLA-DPB1	DPB1*81	Italian	0	0
HLA-DPB1	DPB1*85	Italian	0	0
HLA-DPB1	DPB1*90	Italian	0	0
HLA-DPB1	DPB1*01	Mexican	0.04327	9
HLA-DPB1	DPB1*02	Mexican	0.08173	17
HLA-DPB1	DPB1*03	Mexican	0.04808	10
HLA-DPB1	DPB1*04	Mexican	0.69231	144
HLA-DPB1	DPB1*05	Mexican	0.01923	4
HLA-DPB1	DPB1*06	Mexican	0	0
HLA-DPB1	DPB1*09	Mexican	0	0
HLA-DPB1	DPB1*10	Mexican	0.01442	3
HLA-DPB1	DPB1*104	Mexican	0.03365	7
HLA-DPB1	DPB1*105	Mexican	0.00481	1
HLA-DPB1	DPB1*106	Mexican	0	0
HLA-DPB1	DPB1*107	Mexican	0	0
HLA-DPB1	DPB1*11	Mexican	0	0
HLA-DPB1	DPB1*124	Mexican	0	0
HLA-DPB1	DPB1*126	Mexican	0	0
HLA-DPB1	DPB1*13	Mexican	0.00962	2
HLA-DPB1	DPB1*130	Mexican	0	0
HLA-DPB1	DPB1*131	Mexican	0.00481	1
HLA-DPB1	DPB1*133	Mexican	0	0
HLA-DPB1	DPB1*135	Mexican	0	0
HLA-DPB1	DPB1*138	Mexican	0	0
HLA-DPB1	DPB1*14	Mexican	0.01923	4
HLA-DPB1	DPB1*15	Mexican	0.00481	1
HLA-DPB1	DPB1*16	Mexican	0	0
HLA-DPB1	DPB1*162	Mexican	0	0
HLA-DPB1	DPB1*17	Mexican	0.02404	5
HLA-DPB1	DPB1*18	Mexican	0	0
HLA-DPB1	DPB1*19	Mexican	0	0
HLA-DPB1	DPB1*20	Mexican	0	0
HLA-DPB1	DPB1*21	Mexican	0	0
HLA-DPB1	DPB1*23	Mexican	0	0
HLA-DPB1	DPB1*25	Mexican	0	0
HLA-DPB1	DPB1*259	Mexican	0	0
HLA-DPB1	DPB1*26	Mexican	0	0
HLA-DPB1	DPB1*29	Mexican	0	0
HLA-DPB1	DPB1*296	Mexican	0	0
HLA-DPB1	DPB1*30	Mexican	0	0
HLA-DPB1	DPB1*31	Mexican	0	0
HLA-DPB1	DPB1*34	Mexican	0	0
HLA-DPB1	DPB1*35	Mexican	0	0
HLA-DPB1	DPB1*350	Mexican	0	0
HLA-DPB1	DPB1*37	Mexican	0	0
HLA-DPB1	DPB1*38	Mexican	0	0
HLA-DPB1	DPB1*39	Mexican	0	0
HLA-DPB1	DPB1*40	Mexican	0	0
HLA-DPB1	DPB1*414	Mexican	0	0
HLA-DPB1	DPB1*416	Mexican	0	0
HLA-DPB1	DPB1*417	Mexican	0	0
HLA-DPB1	DPB1*45	Mexican	0	0
HLA-DPB1	DPB1*46	Mexican	0	0
HLA-DPB1	DPB1*461	Mexican	0	0
HLA-DPB1	DPB1*463	Mexican	0	0
HLA-DPB1	DPB1*47	Mexican	0	0
HLA-DPB1	DPB1*49	Mexican	0	0
HLA-DPB1	DPB1*51	Mexican	0	0
HLA-DPB1	DPB1*519	Mexican	0	0
HLA-DPB1	DPB1*52	Mexican	0	0
HLA-DPB1	DPB1*59	Mexican	0	0
HLA-DPB1	DPB1*63	Mexican	0	0
HLA-DPB1	DPB1*81	Mexican	0	0
HLA-DPB1	DPB1*85	Mexican	0	0
HLA-DPB1	DPB1*90	Mexican	0	0
HLA-DPB1	DPB1*01	Spanish	0.05656	31
HLA-DPB1	DPB1*02	Spanish	0.19708	108
HLA-DPB1	DPB1*03	Spanish	0.0438	24
HLA-DPB1	DPB1*04	Spanish	0.47081	258
HLA-DPB1	DPB1*05	Spanish	0.01825	10
HLA-DPB1	DPB1*06	Spanish	0.0219	12
HLA-DPB1	DPB1*09	Spanish	0.0073	4
HLA-DPB1	DPB1*10	Spanish	0.02372	13
HLA-DPB1	DPB1*104	Spanish	0.03832	21
HLA-DPB1	DPB1*105	Spanish	0.0073	4
HLA-DPB1	DPB1*106	Spanish	0	0
HLA-DPB1	DPB1*107	Spanish	0	0
HLA-DPB1	DPB1*11	Spanish	0.03467	19
HLA-DPB1	DPB1*124	Spanish	0	0
HLA-DPB1	DPB1*126	Spanish	0	0
HLA-DPB1	DPB1*13	Spanish	0.0146	8
HLA-DPB1	DPB1*130	Spanish	0	0
HLA-DPB1	DPB1*131	Spanish	0.00182	1
HLA-DPB1	DPB1*133	Spanish	0	0
HLA-DPB1	DPB1*135	Spanish	0	0
HLA-DPB1	DPB1*138	Spanish	0.00182	1
HLA-DPB1	DPB1*14	Spanish	0.00912	5
HLA-DPB1	DPB1*15	Spanish	0.00365	2
HLA-DPB1	DPB1*16	Spanish	0.00547	3
HLA-DPB1	DPB1*162	Spanish	0	0
HLA-DPB1	DPB1*17	Spanish	0.02372	13
HLA-DPB1	DPB1*18	Spanish	0	0
HLA-DPB1	DPB1*19	Spanish	0.0073	4
HLA-DPB1	DPB1*20	Spanish	0.00365	2
HLA-DPB1	DPB1*21	Spanish	0	0
HLA-DPB1	DPB1*23	Spanish	0.00365	2
HLA-DPB1	DPB1*25	Spanish	0	0
HLA-DPB1	DPB1*259	Spanish	0	0
HLA-DPB1	DPB1*26	Spanish	0.00182	1
HLA-DPB1	DPB1*29	Spanish	0	0
HLA-DPB1	DPB1*296	Spanish	0.00182	1
HLA-DPB1	DPB1*30	Spanish	0	0
HLA-DPB1	DPB1*31	Spanish	0	0
HLA-DPB1	DPB1*34	Spanish	0	0
HLA-DPB1	DPB1*35	Spanish	0	0
HLA-DPB1	DPB1*350	Spanish	0	0
HLA-DPB1	DPB1*37	Spanish	0	0
HLA-DPB1	DPB1*38	Spanish	0	0
HLA-DPB1	DPB1*39	Spanish	0	0
HLA-DPB1	DPB1*40	Spanish	0	0
HLA-DPB1	DPB1*414	Spanish	0	0
HLA-DPB1	DPB1*416	Spanish	0	0
HLA-DPB1	DPB1*417	Spanish	0	0
HLA-DPB1	DPB1*45	Spanish	0	0
HLA-DPB1	DPB1*46	Spanish	0	0
HLA-DPB1	DPB1*461	Spanish	0	0
HLA-DPB1	DPB1*463	Spanish	0	0
HLA-DPB1	DPB1*47	Spanish	0	0
HLA-DPB1	DPB1*49	Spanish	0	0
HLA-DPB1	DPB1*51	Spanish	0	0
HLA-DPB1	DPB1*519	Spanish	0	0
HLA-DPB1	DPB1*52	Spanish	0	0
HLA-DPB1	DPB1*59	Spanish	0.00182	1
HLA-DPB1	DPB1*63	Spanish	0	0
HLA-DPB1	DPB1*81	Spanish	0	0
HLA-DPB1	DPB1*85	Spanish	0	0
HLA-DPB1	DPB1*90	Spanish	0	0
HLA-DPB1	DPB1*01	Thai	0.0119	1
HLA-DPB1	DPB1*02	Thai	0.09524	8
HLA-DPB1	DPB1*03	Thai	0.05952	5
HLA-DPB1	DPB1*04	Thai	0.20237	17
HLA-DPB1	DPB1*05	Thai	0.15476	13
HLA-DPB1	DPB1*06	Thai	0	0
HLA-DPB1	DPB1*09	Thai	0	0
HLA-DPB1	DPB1*10	Thai	0.0119	1
HLA-DPB1	DPB1*104	Thai	0.0119	1
HLA-DPB1	DPB1*105	Thai	0.0119	1
HLA-DPB1	DPB1*106	Thai	0	0
HLA-DPB1	DPB1*107	Thai	0.08333	7
HLA-DPB1	DPB1*11	Thai	0	0
HLA-DPB1	DPB1*124	Thai	0	0
HLA-DPB1	DPB1*126	Thai	0	0
HLA-DPB1	DPB1*13	Thai	0.21429	18
HLA-DPB1	DPB1*130	Thai	0	0
HLA-DPB1	DPB1*131	Thai	0	0
HLA-DPB1	DPB1*133	Thai	0	0
HLA-DPB1	DPB1*135	Thai	0.0119	1
HLA-DPB1	DPB1*138	Thai	0	0
HLA-DPB1	DPB1*14	Thai	0.02381	2
HLA-DPB1	DPB1*15	Thai	0	0
HLA-DPB1	DPB1*16	Thai	0	0
HLA-DPB1	DPB1*162	Thai	0	0
HLA-DPB1	DPB1*17	Thai	0.0119	1
HLA-DPB1	DPB1*18	Thai	0	0
HLA-DPB1	DPB1*19	Thai	0	0
HLA-DPB1	DPB1*20	Thai	0	0
HLA-DPB1	DPB1*21	Thai	0.03571	3
HLA-DPB1	DPB1*23	Thai	0	0
HLA-DPB1	DPB1*25	Thai	0	0
HLA-DPB1	DPB1*259	Thai	0	0
HLA-DPB1	DPB1*26	Thai	0	0
HLA-DPB1	DPB1*29	Thai	0	0
HLA-DPB1	DPB1*296	Thai	0.02381	2
HLA-DPB1	DPB1*30	Thai	0	0
HLA-DPB1	DPB1*31	Thai	0.02381	2
HLA-DPB1	DPB1*34	Thai	0	0
HLA-DPB1	DPB1*35	Thai	0	0
HLA-DPB1	DPB1*350	Thai	0	0
HLA-DPB1	DPB1*37	Thai	0	0
HLA-DPB1	DPB1*38	Thai	0	0
HLA-DPB1	DPB1*39	Thai	0	0
HLA-DPB1	DPB1*40	Thai	0	0
HLA-DPB1	DPB1*414	Thai	0.0119	1
HLA-DPB1	DPB1*416	Thai	0	0
HLA-DPB1	DPB1*417	Thai	0	0
HLA-DPB1	DPB1*45	Thai	0	0
HLA-DPB1	DPB1*46	Thai	0	0
HLA-DPB1	DPB1*461	Thai	0	0
HLA-DPB1	DPB1*463	Thai	0	0
HLA-DPB1	DPB1*47	Thai	0	0
HLA-DPB1	DPB1*49	Thai	0	0
HLA-DPB1	DPB1*51	Thai	0	0
HLA-DPB1	DPB1*519	Thai	0	0
HLA-DPB1	DPB1*52	Thai	0	0
HLA-DPB1	DPB1*59	Thai	0	0
HLA-DPB1	DPB1*63	Thai	0	0
HLA-DPB1	DPB1*81	Thai	0	0
HLA-DPB1	DPB1*85	Thai	0	0
HLA-DPB1	DPB1*90	Thai	0	0
HLA-DPB1	DPB1*01	USA_Hispanic	0.02679	3
HLA-DPB1	DPB1*02	USA_Hispanic	0.07143	8
HLA-DPB1	DPB1*03	USA_Hispanic	0.08036	9
HLA-DPB1	DPB1*04	USA_Hispanic	0.59821	67
HLA-DPB1	DPB1*05	USA_Hispanic	0.05357	6
HLA-DPB1	DPB1*06	USA_Hispanic	0.01786	2
HLA-DPB1	DPB1*09	USA_Hispanic	0.01786	2
HLA-DPB1	DPB1*10	USA_Hispanic	0.00893	1
HLA-DPB1	DPB1*104	USA_Hispanic	0.02679	3
HLA-DPB1	DPB1*105	USA_Hispanic	0.00893	1
HLA-DPB1	DPB1*106	USA_Hispanic	0	0
HLA-DPB1	DPB1*107	USA_Hispanic	0	0
HLA-DPB1	DPB1*11	USA_Hispanic	0.00893	1
HLA-DPB1	DPB1*124	USA_Hispanic	0	0
HLA-DPB1	DPB1*126	USA_Hispanic	0.00893	1
HLA-DPB1	DPB1*13	USA_Hispanic	0	0
HLA-DPB1	DPB1*130	USA_Hispanic	0	0
HLA-DPB1	DPB1*131	USA_Hispanic	0	0
HLA-DPB1	DPB1*133	USA_Hispanic	0	0
HLA-DPB1	DPB1*135	USA_Hispanic	0	0
HLA-DPB1	DPB1*138	USA_Hispanic	0	0
HLA-DPB1	DPB1*14	USA_Hispanic	0.03571	4
HLA-DPB1	DPB1*15	USA_Hispanic	0	0
HLA-DPB1	DPB1*16	USA_Hispanic	0	0
HLA-DPB1	DPB1*162	USA_Hispanic	0	0
HLA-DPB1	DPB1*17	USA_Hispanic	0.01786	2
HLA-DPB1	DPB1*18	USA_Hispanic	0.00893	1
HLA-DPB1	DPB1*19	USA_Hispanic	0	0
HLA-DPB1	DPB1*20	USA_Hispanic	0	0
HLA-DPB1	DPB1*21	USA_Hispanic	0	0
HLA-DPB1	DPB1*23	USA_Hispanic	0	0
HLA-DPB1	DPB1*25	USA_Hispanic	0	0
HLA-DPB1	DPB1*259	USA_Hispanic	0	0
HLA-DPB1	DPB1*26	USA_Hispanic	0	0
HLA-DPB1	DPB1*29	USA_Hispanic	0	0
HLA-DPB1	DPB1*296	USA_Hispanic	0	0
HLA-DPB1	DPB1*30	USA_Hispanic	0	0
HLA-DPB1	DPB1*31	USA_Hispanic	0	0
HLA-DPB1	DPB1*34	USA_Hispanic	0	0
HLA-DPB1	DPB1*35	USA_Hispanic	0	0
HLA-DPB1	DPB1*350	USA_Hispanic	0	0
HLA-DPB1	DPB1*37	USA_Hispanic	0	0
HLA-DPB1	DPB1*38	USA_Hispanic	0	0
HLA-DPB1	DPB1*39	USA_Hispanic	0	0
HLA-DPB1	DPB1*40	USA_Hispanic	0	0
HLA-DPB1	DPB1*414	USA_Hispanic	0	0
HLA-DPB1	DPB1*416	USA_Hispanic	0.00893	1
HLA-DPB1	DPB1*417	USA_Hispanic	0	0
HLA-DPB1	DPB1*45	USA_Hispanic	0	0
HLA-DPB1	DPB1*46	USA_Hispanic	0	0
HLA-DPB1	DPB1*461	USA_Hispanic	0	0
HLA-DPB1	DPB1*463	USA_Hispanic	0	0
HLA-DPB1	DPB1*47	USA_Hispanic	0	0
HLA-DPB1	DPB1*49	USA_Hispanic	0	0
HLA-DPB1	DPB1*51	USA_Hispanic	0	0
HLA-DPB1	DPB1*519	USA_Hispanic	0	0
HLA-DPB1	DPB1*52	USA_Hispanic	0	0
HLA-DPB1	DPB1*59	USA_Hispanic	0	0
HLA-DPB1	DPB1*63	USA_Hispanic	0	0
HLA-DPB1	DPB1*81	USA_Hispanic	0	0
HLA-DPB1	DPB1*85	USA_Hispanic	0	0
HLA-DPB1	DPB1*90	USA_Hispanic	0	0
HLA-DQA1	DQA1*01	AfAm	0.49868	378
HLA-DQA1	DQA1*02	AfAm	0.08575	65
HLA-DQA1	DQA1*03	AfAm	0.10555	80
HLA-DQA1	DQA1*04	AfAm	0.11609	88
HLA-DQA1	DQA1*05	AfAm	0.19393	147
HLA-DQA1	DQA1*06	AfAm	0	0
HLA-DQA1	DQA1*01	API	0.50003	41
HLA-DQA1	DQA1*02	API	0.03659	3
HLA-DQA1	DQA1*03	API	0.19513	16
HLA-DQA1	DQA1*04	API	0	0
HLA-DQA1	DQA1*05	API	0.08538	7
HLA-DQA1	DQA1*06	API	0.18293	15
HLA-DQA1	DQA1*01	Arab	0.3654	38
HLA-DQA1	DQA1*02	Arab	0.14423	15
HLA-DQA1	DQA1*03	Arab	0.13461	14
HLA-DQA1	DQA1*04	Arab	0.01923	2
HLA-DQA1	DQA1*05	Arab	0.31731	33
HLA-DQA1	DQA1*06	Arab	0.01923	2
HLA-DQA1	DQA1*01	EuAm	0.40323	1946
HLA-DQA1	DQA1*02	EuAm	0.1322	638
HLA-DQA1	DQA1*03	EuAm	0.18194	878
HLA-DQA1	DQA1*04	EuAm	0.02176	105
HLA-DQA1	DQA1*05	EuAm	0.25633	1237
HLA-DQA1	DQA1*06	EuAm	0.00456	22
HLA-DQA1	DQA1*01	European	0.40094	170
HLA-DQA1	DQA1*02	European	0.16981	72
HLA-DQA1	DQA1*03	European	0.17924	76
HLA-DQA1	DQA1*04	European	0.01179	5
HLA-DQA1	DQA1*05	European	0.2382	101
HLA-DQA1	DQA1*06	European	0	0
HLA-DQA1	DQA1*01	Global	0.40599	3023
HLA-DQA1	DQA1*02	Global	0.12624	940
HLA-DQA1	DQA1*03	Global	0.17217	1282
HLA-DQA1	DQA1*04	Global	0.03384	252
HLA-DQA1	DQA1*05	Global	0.25636	1909
HLA-DQA1	DQA1*06	Global	0.00537	40
HLA-DQA1	DQA1*01	Greek	0.44444	136
HLA-DQA1	DQA1*02	Greek	0.05882	18
HLA-DQA1	DQA1*03	Greek	0.11438	35
HLA-DQA1	DQA1*04	Greek	0.01307	4
HLA-DQA1	DQA1*05	Greek	0.36928	113
HLA-DQA1	DQA1*06	Greek	0	0
HLA-DQA1	DQA1*01	India	0.45744	43
HLA-DQA1	DQA1*02	India	0.2766	26
HLA-DQA1	DQA1*03	India	0.06383	6
HLA-DQA1	DQA1*04	India	0.01064	1
HLA-DQA1	DQA1*05	India	0.1915	18
HLA-DQA1	DQA1*06	India	0	0
HLA-DQA1	DQA1*01	Mexican	0.1827	38
HLA-DQA1	DQA1*02	Mexican	0.02404	5
HLA-DQA1	DQA1*03	Mexican	0.3125	65
HLA-DQA1	DQA1*04	Mexican	0.13462	28
HLA-DQA1	DQA1*05	Mexican	0.34135	71
HLA-DQA1	DQA1*06	Mexican	0.00481	1
HLA-DQA1	DQA1*01	Spanish	0.39707	216
HLA-DQA1	DQA1*02	Spanish	0.16176	88
HLA-DQA1	DQA1*03	Spanish	0.13787	75
HLA-DQA1	DQA1*04	Spanish	0.02206	12
HLA-DQA1	DQA1*05	Spanish	0.28125	153
HLA-DQA1	DQA1*06	Spanish	0	0
HLA-DQA1	DQA1*01	USA_Hispanic	0.17	17
HLA-DQA1	DQA1*02	USA_Hispanic	0.1	10
HLA-DQA1	DQA1*03	USA_Hispanic	0.37	37
HLA-DQA1	DQA1*04	USA_Hispanic	0.07	7
HLA-DQA1	DQA1*05	USA_Hispanic	0.29	29
HLA-DQA1	DQA1*06	USA_Hispanic	0	0
HLA-DQB1	DQB1*02	AfAm	0.19084	150
HLA-DQB1	DQB1*03	AfAm	0.23027	181
HLA-DQB1	DQB1*04	AfAm	0.07761	61
HLA-DQB1	DQB1*05	AfAm	0.20739	163
HLA-DQB1	DQB1*06	AfAm	0.29388	231
HLA-DQB1	DQB1*02	API	0.07143	6
HLA-DQB1	DQB1*03	API	0.42857	36
HLA-DQB1	DQB1*04	API	0	0
HLA-DQB1	DQB1*05	API	0.30952	26
HLA-DQB1	DQB1*06	API	0.19046	16
HLA-DQB1	DQB1*02	Arab	0.29808	31
HLA-DQB1	DQB1*03	Arab	0.3077	32
HLA-DQB1	DQB1*04	Arab	0.02885	3
HLA-DQB1	DQB1*05	Arab	0.1827	19
HLA-DQB1	DQB1*06	Arab	0.18269	19
HLA-DQB1	DQB1*02	EuAm	0.21588	1044
HLA-DQB1	DQB1*03	EuAm	0.35381	1711
HLA-DQB1	DQB1*04	EuAm	0.02481	120
HLA-DQB1	DQB1*05	EuAm	0.16398	793
HLA-DQB1	DQB1*06	EuAm	0.24153	1168
HLA-DQB1	DQB1*02	European	0.25944	110
HLA-DQB1	DQB1*03	European	0.32548	138
HLA-DQB1	DQB1*04	European	0.01415	6
HLA-DQB1	DQB1*05	European	0.15566	66
HLA-DQB1	DQB1*06	European	0.24528	104
HLA-DQB1	DQB1*02	Global	0.20824	1764
HLA-DQB1	DQB1*03	Global	0.3493	2959
HLA-DQB1	DQB1*04	Global	0.03258	276
HLA-DQB1	DQB1*05	Global	0.18237	1545
HLA-DQB1	DQB1*06	Global	0.22759	1928
HLA-DQB1	DQB1*02	Greek	0.12385	54
HLA-DQB1	DQB1*03	Greek	0.40827	178
HLA-DQB1	DQB1*04	Greek	0.00917	4
HLA-DQB1	DQB1*05	Greek	0.33714	147
HLA-DQB1	DQB1*06	Greek	0.12156	53
HLA-DQB1	DQB1*02	India	0.15218	42
HLA-DQB1	DQB1*03	India	0.27898	77
HLA-DQB1	DQB1*04	India	0.01811	5
HLA-DQB1	DQB1*05	India	0.24275	67
HLA-DQB1	DQB1*06	India	0.30797	85
HLA-DQB1	DQB1*02	Italian	0.20719	121
HLA-DQB1	DQB1*03	Italian	0.39211	229
HLA-DQB1	DQB1*04	Italian	0.03767	22
HLA-DQB1	DQB1*05	Italian	0.19692	115
HLA-DQB1	DQB1*06	Italian	0.1661	97
HLA-DQB1	DQB1*02	Mexican	0.07692	16
HLA-DQB1	DQB1*03	Mexican	0.60097	125
HLA-DQB1	DQB1*04	Mexican	0.13942	29
HLA-DQB1	DQB1*05	Mexican	0.0625	13
HLA-DQB1	DQB1*06	Mexican	0.12019	25
HLA-DQB1	DQB1*02	Spanish	0.2881	155
HLA-DQB1	DQB1*03	Spanish	0.28811	155
HLA-DQB1	DQB1*04	Spanish	0.02974	16
HLA-DQB1	DQB1*05	Spanish	0.18587	100
HLA-DQB1	DQB1*06	Spanish	0.20818	112
HLA-DQB1	DQB1*02	Thai	0.17857	15
HLA-DQB1	DQB1*03	Thai	0.40476	34
HLA-DQB1	DQB1*04	Thai	0.0119	1
HLA-DQB1	DQB1*05	Thai	0.30951	26
HLA-DQB1	DQB1*06	Thai	0.09523	8
HLA-DQB1	DQB1*02	USA_Hispanic	0.17858	20
HLA-DQB1	DQB1*03	USA_Hispanic	0.56251	63
HLA-DQB1	DQB1*04	USA_Hispanic	0.08036	9
HLA-DQB1	DQB1*05	USA_Hispanic	0.0893	10
HLA-DQB1	DQB1*06	USA_Hispanic	0.08929	10
HLA-DRB1	DRB1*01	AfAm	0.07909	62
HLA-DRB1	DRB1*03	AfAm	0.14159	111
HLA-DRB1	DRB1*04	AfAm	0.07018	55
HLA-DRB1	DRB1*07	AfAm	0.07653	60
HLA-DRB1	DRB1*08	AfAm	0.07909	62
HLA-DRB1	DRB1*09	AfAm	0.01531	12
HLA-DRB1	DRB1*10	AfAm	0.01913	15
HLA-DRB1	DRB1*11	AfAm	0.12756	100
HLA-DRB1	DRB1*12	AfAm	0.0472	37
HLA-DRB1	DRB1*13	AfAm	0.13777	108
HLA-DRB1	DRB1*14	AfAm	0.02169	17
HLA-DRB1	DRB1*15	AfAm	0.17984	141
HLA-DRB1	DRB1*16	AfAm	0.00511	4
HLA-DRB1	DRB1*01	API	0.06977	6
HLA-DRB1	DRB1*03	API	0.04651	4
HLA-DRB1	DRB1*04	API	0.09302	8
HLA-DRB1	DRB1*07	API	0.03488	3
HLA-DRB1	DRB1*08	API	0.03488	3
HLA-DRB1	DRB1*09	API	0.09302	8
HLA-DRB1	DRB1*10	API	0.01163	1
HLA-DRB1	DRB1*11	API	0.03489	3
HLA-DRB1	DRB1*12	API	0.19768	17
HLA-DRB1	DRB1*13	API	0.03489	3
HLA-DRB1	DRB1*14	API	0.0814	7
HLA-DRB1	DRB1*15	API	0.25582	22
HLA-DRB1	DRB1*16	API	0.01163	1
HLA-DRB1	DRB1*01	Arab	0.02885	3
HLA-DRB1	DRB1*03	Arab	0.17308	18
HLA-DRB1	DRB1*04	Arab	0.13462	14
HLA-DRB1	DRB1*07	Arab	0.14423	15
HLA-DRB1	DRB1*08	Arab	0.02885	3
HLA-DRB1	DRB1*09	Arab	0	0
HLA-DRB1	DRB1*10	Arab	0.00962	1
HLA-DRB1	DRB1*11	Arab	0.13462	14
HLA-DRB1	DRB1*12	Arab	0.02885	3
HLA-DRB1	DRB1*13	Arab	0.0577	6
HLA-DRB1	DRB1*14	Arab	0.02885	3
HLA-DRB1	DRB1*15	Arab	0.13462	14
HLA-DRB1	DRB1*16	Arab	0.09615	10
HLA-DRB1	DRB1*01	EuAm	0.1121	552
HLA-DRB1	DRB1*03	EuAm	0.11819	582
HLA-DRB1	DRB1*04	EuAm	0.16673	821
HLA-DRB1	DRB1*07	EuAm	0.13343	657
HLA-DRB1	DRB1*08	EuAm	0.0268	132
HLA-DRB1	DRB1*09	EuAm	0.00894	44
HLA-DRB1	DRB1*10	EuAm	0.00833	41
HLA-DRB1	DRB1*11	EuAm	0.10479	516
HLA-DRB1	DRB1*12	EuAm	0.02011	99
HLA-DRB1	DRB1*13	EuAm	0.1192	587
HLA-DRB1	DRB1*14	EuAm	0.02295	113
HLA-DRB1	DRB1*15	EuAm	0.13769	678
HLA-DRB1	DRB1*16	EuAm	0.02071	102
HLA-DRB1	DRB1*01	European	0.09906	42
HLA-DRB1	DRB1*03	European	0.12972	55
HLA-DRB1	DRB1*04	European	0.16038	68
HLA-DRB1	DRB1*07	European	0.17217	73
HLA-DRB1	DRB1*08	European	0.01651	7
HLA-DRB1	DRB1*09	European	0.01179	5
HLA-DRB1	DRB1*10	European	0.00943	4
HLA-DRB1	DRB1*11	European	0.07783	33
HLA-DRB1	DRB1*12	European	0.0118	5
HLA-DRB1	DRB1*13	European	0.10378	44
HLA-DRB1	DRB1*14	European	0.02595	11
HLA-DRB1	DRB1*15	European	0.14859	63
HLA-DRB1	DRB1*16	European	0.03302	14
HLA-DRB1	DRB1*01	Global	0.09552	823
HLA-DRB1	DRB1*03	Global	0.11225	967
HLA-DRB1	DRB1*04	Global	0.14695	1266
HLA-DRB1	DRB1*07	Global	0.12709	1095
HLA-DRB1	DRB1*08	Global	0.03401	293
HLA-DRB1	DRB1*09	Global	0.01126	97
HLA-DRB1	DRB1*10	Global	0.01358	117
HLA-DRB1	DRB1*11	Global	0.12074	1040
HLA-DRB1	DRB1*12	Global	0.02484	214
HLA-DRB1	DRB1*13	Global	0.11538	994
HLA-DRB1	DRB1*14	Global	0.03471	299
HLA-DRB1	DRB1*15	Global	0.13267	1143
HLA-DRB1	DRB1*16	Global	0.0311	268
HLA-DRB1	DRB1*01	Greek	0.06849	30
HLA-DRB1	DRB1*03	Greek	0.06621	29
HLA-DRB1	DRB1*04	Greek	0.11644	51
HLA-DRB1	DRB1*07	Greek	0.05251	23
HLA-DRB1	DRB1*08	Greek	0.00913	4
HLA-DRB1	DRB1*09	Greek	0	0
HLA-DRB1	DRB1*10	Greek	0.01826	8
HLA-DRB1	DRB1*11	Greek	0.27853	122
HLA-DRB1	DRB1*12	Greek	0.02055	9
HLA-DRB1	DRB1*13	Greek	0.07762	34
HLA-DRB1	DRB1*14	Greek	0.06621	29
HLA-DRB1	DRB1*15	Greek	0.07306	32
HLA-DRB1	DRB1*16	Greek	0.15297	67
HLA-DRB1	DRB1*01	India	0.0463	15
HLA-DRB1	DRB1*03	India	0.03704	12
HLA-DRB1	DRB1*04	India	0.08335	27
HLA-DRB1	DRB1*07	India	0.19753	64
HLA-DRB1	DRB1*08	India	0.01853	6
HLA-DRB1	DRB1*09	India	0.00926	3
HLA-DRB1	DRB1*10	India	0.08025	26
HLA-DRB1	DRB1*11	India	0.06173	20
HLA-DRB1	DRB1*12	India	0.03703	12
HLA-DRB1	DRB1*13	India	0.14815	48
HLA-DRB1	DRB1*14	India	0.10803	35
HLA-DRB1	DRB1*15	India	0.16975	55
HLA-DRB1	DRB1*16	India	0.00309	1
HLA-DRB1	DRB1*01	Italian	0.07362	43
HLA-DRB1	DRB1*03	Italian	0.10445	61
HLA-DRB1	DRB1*04	Italian	0.07363	43
HLA-DRB1	DRB1*07	Italian	0.14212	83
HLA-DRB1	DRB1*08	Italian	0.03766	22
HLA-DRB1	DRB1*09	Italian	0.01884	11
HLA-DRB1	DRB1*10	Italian	0.0137	8
HLA-DRB1	DRB1*11	Italian	0.23457	137
HLA-DRB1	DRB1*12	Italian	0.01712	10
HLA-DRB1	DRB1*13	Italian	0.1096	64
HLA-DRB1	DRB1*14	Italian	0.04623	27
HLA-DRB1	DRB1*15	Italian	0.08219	48
HLA-DRB1	DRB1*16	Italian	0.04623	27
HLA-DRB1	DRB1*01	Mexican	0.02885	6
HLA-DRB1	DRB1*03	Mexican	0.04327	9
HLA-DRB1	DRB1*04	Mexican	0.3077	64
HLA-DRB1	DRB1*07	Mexican	0.02404	5
HLA-DRB1	DRB1*08	Mexican	0.14424	30
HLA-DRB1	DRB1*09	Mexican	0.00481	1
HLA-DRB1	DRB1*10	Mexican	0.00962	2
HLA-DRB1	DRB1*11	Mexican	0.06731	14
HLA-DRB1	DRB1*12	Mexican	0.00481	1
HLA-DRB1	DRB1*13	Mexican	0.09615	20
HLA-DRB1	DRB1*14	Mexican	0.11058	23
HLA-DRB1	DRB1*15	Mexican	0.0577	12
HLA-DRB1	DRB1*16	Mexican	0.10096	21
HLA-DRB1	DRB1*01	Spanish	0.10846	59
HLA-DRB1	DRB1*03	Spanish	0.13419	73
HLA-DRB1	DRB1*04	Spanish	0.13235	72
HLA-DRB1	DRB1*07	Spanish	0.15993	87
HLA-DRB1	DRB1*08	Spanish	0.0239	13
HLA-DRB1	DRB1*09	Spanish	0.00735	4
HLA-DRB1	DRB1*10	Spanish	0.01838	10
HLA-DRB1	DRB1*11	Spanish	0.11213	61
HLA-DRB1	DRB1*12	Spanish	0.00919	5
HLA-DRB1	DRB1*13	Spanish	0.12868	70
HLA-DRB1	DRB1*14	Spanish	0.03126	17
HLA-DRB1	DRB1*15	Spanish	0.10846	59
HLA-DRB1	DRB1*16	Spanish	0.02574	14
HLA-DRB1	DRB1*01	Thai	0	0
HLA-DRB1	DRB1*03	Thai	0.04762	4
HLA-DRB1	DRB1*04	Thai	0.07142	6
HLA-DRB1	DRB1*07	Thai	0.16667	14
HLA-DRB1	DRB1*08	Thai	0.02381	2
HLA-DRB1	DRB1*09	Thai	0.09524	8
HLA-DRB1	DRB1*10	Thai	0.0119	1
HLA-DRB1	DRB1*11	Thai	0.08332	7
HLA-DRB1	DRB1*12	Thai	0.17857	15
HLA-DRB1	DRB1*13	Thai	0.03571	3
HLA-DRB1	DRB1*14	Thai	0.09523	8
HLA-DRB1	DRB1*15	Thai	0.16666	14
HLA-DRB1	DRB1*16	Thai	0.02381	2
HLA-DRB1	DRB1*01	USA_Hispanic	0.04465	5
HLA-DRB1	DRB1*03	USA_Hispanic	0.08036	9
HLA-DRB1	DRB1*04	USA_Hispanic	0.33035	37
HLA-DRB1	DRB1*07	USA_Hispanic	0.09821	11
HLA-DRB1	DRB1*08	USA_Hispanic	0.08036	9
HLA-DRB1	DRB1*09	USA_Hispanic	0.00893	1
HLA-DRB1	DRB1*10	USA_Hispanic	0	0
HLA-DRB1	DRB1*11	USA_Hispanic	0.11608	13
HLA-DRB1	DRB1*12	USA_Hispanic	0.00893	1
HLA-DRB1	DRB1*13	USA_Hispanic	0.0625	7
HLA-DRB1	DRB1*14	USA_Hispanic	0.08036	9
HLA-DRB1	DRB1*15	USA_Hispanic	0.04464	5
HLA-DRB1	DRB1*16	USA_Hispanic	0.04465	5
HLA-DRB3	DRB3*00	AfAm	0.52902	401
HLA-DRB3	DRB3*01	AfAm	0.1161	88
HLA-DRB3	DRB3*02	AfAm	0.26782	203
HLA-DRB3	DRB3*03	AfAm	0.08707	66
HLA-DRB3	DRB3*00	API	0.62195	51
HLA-DRB3	DRB3*01	API	0.04878	4
HLA-DRB3	DRB3*02	API	0.13415	11
HLA-DRB3	DRB3*03	API	0.19512	16
HLA-DRB3	DRB3*00	Arab	0.57692	60
HLA-DRB3	DRB3*01	Arab	0.03846	4
HLA-DRB3	DRB3*02	Arab	0.32692	34
HLA-DRB3	DRB3*03	Arab	0.05769	6
HLA-DRB3	DRB3*00	EuAm	0.61465	3045
HLA-DRB3	DRB3*01	EuAm	0.14432	715
HLA-DRB3	DRB3*02	EuAm	0.196	971
HLA-DRB3	DRB3*03	EuAm	0.04501	223
HLA-DRB3	DRB3*00	European	0.61321	260
HLA-DRB3	DRB3*01	European	0.17689	75
HLA-DRB3	DRB3*02	European	0.18397	78
HLA-DRB3	DRB3*03	European	0.02594	11
HLA-DRB3	DRB3*00	Global	0.60536	4361
HLA-DRB3	DRB3*01	Global	0.13979	1007
HLA-DRB3	DRB3*02	Global	0.20628	1486
HLA-DRB3	DRB3*03	Global	0.04859	350
HLA-DRB3	DRB3*00	India	0.46154	12
HLA-DRB3	DRB3*01	India	0.07692	2
HLA-DRB3	DRB3*02	India	0.38462	10
HLA-DRB3	DRB3*03	India	0.07692	2
HLA-DRB3	DRB3*00	Mexican	0.67788	141
HLA-DRB3	DRB3*01	Mexican	0.15385	32
HLA-DRB3	DRB3*02	Mexican	0.13461	28
HLA-DRB3	DRB3*03	Mexican	0.03365	7
HLA-DRB3	DRB3*00	Spanish	0.58425	319
HLA-DRB3	DRB3*01	Spanish	0.1337	73
HLA-DRB3	DRB3*02	Spanish	0.25457	139
HLA-DRB3	DRB3*03	Spanish	0.02747	15
HLA-DRB3	DRB3*00	USA_Hispanic	0.70588	72
HLA-DRB3	DRB3*01	USA_Hispanic	0.13725	14
HLA-DRB3	DRB3*02	USA_Hispanic	0.11765	12
HLA-DRB3	DRB3*03	USA_Hispanic	0.03921	4
HLA-DRB4	DRB4*00	AfAm	0.83777	630
HLA-DRB4	DRB4*01	AfAm	0.16223	122
HLA-DRB4	DRB4*03	AfAm	0	0
HLA-DRB4	DRB4*00	API	0.78049	64
HLA-DRB4	DRB4*01	API	0.21952	18
HLA-DRB4	DRB4*03	API	0	0
HLA-DRB4	DRB4*00	Arab	0.72115	75
HLA-DRB4	DRB4*01	Arab	0.27885	29
HLA-DRB4	DRB4*03	Arab	0	0
HLA-DRB4	DRB4*00	EuAm	0.69169	3363
HLA-DRB4	DRB4*01	EuAm	0.3079	1497
HLA-DRB4	DRB4*03	EuAm	0.00041	2
HLA-DRB4	DRB4*00	European	0.62972	267
HLA-DRB4	DRB4*01	European	0.37028	157
HLA-DRB4	DRB4*03	European	0	0
HLA-DRB4	DRB4*00	Global	0.70222	4990
HLA-DRB4	DRB4*01	Global	0.2975	2114
HLA-DRB4	DRB4*03	Global	0.00028	2
HLA-DRB4	DRB4*00	India	0.61538	16
HLA-DRB4	DRB4*01	India	0.38461	10
HLA-DRB4	DRB4*03	India	0	0
HLA-DRB4	DRB4*00	Mexican	0.66346	138
HLA-DRB4	DRB4*01	Mexican	0.33654	70
HLA-DRB4	DRB4*03	Mexican	0	0
HLA-DRB4	DRB4*00	Spanish	0.70147	383
HLA-DRB4	DRB4*01	Spanish	0.29854	163
HLA-DRB4	DRB4*03	Spanish	0	0
HLA-DRB4	DRB4*00	USA_Hispanic	0.52941	54
HLA-DRB4	DRB4*01	USA_Hispanic	0.47059	48
HLA-DRB4	DRB4*03	USA_Hispanic	0	0
HLA-DRB5	DRB5*00	AfAm	0.82672	625
HLA-DRB5	DRB5*01	AfAm	0.16932	128
HLA-DRB5	DRB5*02	AfAm	0.00397	3
HLA-DRB5	DRB5*00	API	0.71951	59
HLA-DRB5	DRB5*01	API	0.28049	23
HLA-DRB5	DRB5*02	API	0	0
HLA-DRB5	DRB5*00	Arab	0.77885	81
HLA-DRB5	DRB5*01	Arab	0.14423	15
HLA-DRB5	DRB5*02	Arab	0.07692	8
HLA-DRB5	DRB5*00	EuAm	0.84134	4168
HLA-DRB5	DRB5*01	EuAm	0.13827	685
HLA-DRB5	DRB5*02	EuAm	0.02039	101
HLA-DRB5	DRB5*00	European	0.79009	335
HLA-DRB5	DRB5*01	European	0.17453	74
HLA-DRB5	DRB5*02	European	0.03538	15
HLA-DRB5	DRB5*00	Global	0.83699	6028
HLA-DRB5	DRB5*01	Global	0.13998	1008
HLA-DRB5	DRB5*02	Global	0.02305	166
HLA-DRB5	DRB5*00	India	0.80769	21
HLA-DRB5	DRB5*01	India	0.1923	5
HLA-DRB5	DRB5*02	India	0	0
HLA-DRB5	DRB5*00	Mexican	0.84135	175
HLA-DRB5	DRB5*01	Mexican	0.0577	12
HLA-DRB5	DRB5*02	Mexican	0.10096	21
HLA-DRB5	DRB5*00	Spanish	0.86447	472
HLA-DRB5	DRB5*01	Spanish	0.10989	60
HLA-DRB5	DRB5*02	Spanish	0.02564	14
HLA-DRB5	DRB5*00	USA_Hispanic	0.90196	92
HLA-DRB5	DRB5*01	USA_Hispanic	0.05882	6
HLA-DRB5	DRB5*02	USA_Hispanic	0.03922	4
